Workbook
Name f: #REF!
Name f: #REF!
Name f: #REF!

Sheet 비품현황표(전체)
A1: 약품코드 | B1: 일반명 | C1: 영문상품명 | D1: 규격 | E1: 보관조건 | F1: 기타 주의 사항 | G1: 42W | H1: 61W | I1: 62W | J1: 71W | K1: 72W | L1: 81W | M1: 82W | N1: 91W | O1: 92W | P1: 101W | Q1: 102W | R1: 111W | S1: 112W | T1: 121W | U1: SICU | V1: MICU | W1: AN | X1: DRL | Y1: OR | Z1: NICU | AA1: AER | AB1: 신속대응팀 | AC1: HBEF심혈관조영실 | AD1: ADR | AE1: DSR | AF1: PED | AG1: 체외순환실 | AH1: 외래주사실 | AI1: 영상의학과 | AJ1: 안과 | AK1: 재활의학과 | AL1: 산부인과 | AM1: 난임클리닉 | AN1: 이비인후과 | AO1: 피부과 | AP1: 소화기병검사실 | AQ1: 정형외과 | AR1: 신경과 | AS1: 비뇨기과 | AT1: 합계
A2: XXARIPIP3 | B2: Aripiprazole 300mg inj | C2: Abilify maintena 300mg inj | D2: 1SRG/BOX | E2: 차광 밀봉용기, 실온보관(1~30℃) | AH2: 3 | AT2: =SUM(G2:AS2) -> 3
A3: XXARIPIP4 | B3: Aripiprazole 400mg inj | C3: ABILIFY maintena 400MG inj | D3: 1SRG/BOX | E3: 차광 밀봉용기, 실온보관(1~30℃) | AH3: 3 | AT3: =SUM(G3:AS3) -> 3
A4: XXARPIP72 | C4: Abilify asimtufii 720mg inj | E4: 밀봉용기, 실온보관(1~30℃) | AH4: 3 | AT4: =SUM(G4:AS4) -> 3
A5: XXARPIP96 | C5: Abilify asimtufii 960mg inj | E5: 밀봉용기, 실온보관(1~30℃) | AH5: 3 | AT5: =SUM(G5:AS5) -> 3
A6: XAPH1 | B6: Acetaminophen 1g/100ml | C6: Acetphen 1g/100ml premix inj | D6: 1bag | E6: 실온보관(1~30℃), 밀봉용기 | G6: 2 | H6: 1 | K6: 1 | L6: 2 | M6: 2 | N6: 3 | O6: 2 | Q6: 3 | R6: 1 | U6: 3 | V6: 3 | W6: 50 | AA6: 5 | AD6: 1 | AE6: 2 | AT6: =SUM(G6:AS6) -> 81
A7: XTPA20 | B7: RH-tissue-type plasminogen activator | C7: Actylase 20mg/20ml inj | D7: 1VIAL/BOX | E7: 밀봉용기, 실온(1-30℃) 보관, 빛을 피하여 보관 | AA7: 3 | AT7: =SUM(G7:AS7) -> 3
A8: XTPA50 | B8: RH-tissue-type plasminogen activator | C8: Actylase 50mg/50ml inj | D8: 1VIAL/BOX | E8: 밀봉용기, 실온(1-30℃) 보관, 빛을 피하여 보관 | AA8: 1 | AT8: =SUM(G8:AS8) -> 1
A9: XNEFOP20 | B9: nefopam hydrochloride 20㎎/2㎖ | C9: Acupan 20mg/2mL inj | D9: 20AMP/BOX | E9: 밀봉용기, 실온(1～30℃)보관 | W9: 30 | AT9: =SUM(G9:AS9) -> 30
A10: XXTDAP5W | C10: Adacel 0.5ml PFS | E10: 동결을 피하여 2∼8℃에서 보관 | AF10: 5 | AH10: 5 | AT10: =SUM(G10:AS10) -> 10
A11: XADENO6 | B11: Adenosine 6mg | C11: Adenocor 6mg/2ml inj | D11: 6VIAL/BOX | E11: 밀봉용기 | V11: 5 | W11: 4 | AC11: 3 | AT11: =SUM(G11:AS11) -> 12
A12: X20AL1S | B12: Albumin 20% 100ml(SK) | C12: Albumin(SK) 20% 100ml inj | E12: 밀봉용기, 30℃이하에서 동결을 피하여 보관 | F12: 용량고주의 | W12: 2
A13: XPALON75 | B13: Palonosetron 0.075mg/1.5ml | C13: Aloxi 0.075mg/1.5ml inj | D13: 5vial/BOX | E13: 실온(1∼30℃)보관, 밀봉용기, 빛을 피하여 보관 | F13: 용량고주의 | I13: 1 | N13: 2 | W13: 20 | AT13: =SUM(G13:AS13) -> 23
A14: XPALON | B14: Palonsetron 0.05mg/ml | C14: Aloxi 0.25mg/5ml Inj | D14: 1VIAL/BOX | E14: 실온(1∼30℃)보관, 밀봉용기, 빛을 피하여 보관 | F14: 용량고주의 | AH14: 3 | AT14: =SUM(G14:AS14) -> 3
A15: XAMBR15 | B15: Ambroxol 15mg | C15: Ambroxol 15mg inj | D15: 50AMP/BOX | E15: 차광밀봉용기, 실온(1~30℃)보관 | F15: 유사모양 | I15: 2 | AT15: =SUM(G15:AS15) -> 2
A16: XC500 | B16: Ascorbic acid 500mg/2ml inj | C16: Ascorbic acid 500mg/2ml inj | D16: 50AMP/BOX | E16: 차광밀봉용기,실온(1~30℃)보관 | F16: 유사모양 | AH16: 6 | AT16: =SUM(G16:AS16) -> 6
A17: ASP1PR | B17: Aspirin enteric coated 100mg tab | C17: Aspirin protect 100mg tab | D17: 1500TAB/BOX | E17: 기밀용기, 실온(25℃이하)보관 | H17: 3 | P17: 3 | AA17: 3 | AC17: 6 | AT17: =SUM(G17:AS17) -> 15
A18: XATRO | B18: Atropine sulfate 0.5mg | C18: Atropine sulfate 0.5mg/1ml inj | D18: 50AMP/BOX | E18: 차광밀봉용기, 실온(1-30℃)보관 | W18: 44 | AC18: 10 | AT18: =SUM(G18:AS18) -> 54
A19: IPRAT-RS | B19: Ipratropium bromide inh.soln 500mcg/2ml | C19: Atrovent UDV 2ml/Amp | D19: 20AMP/BOX*54 | E19: 밀봉용기, 실온보관 | F19: 유사모양 | J19: 1 | P19: 3 | W19: 2 | AA19: 5 | AT19: =SUM(G19:AS19) -> 11
A20: XXHAV16W | B20: Hepatitis A vaccine 160U | C20: Avaxim 160u(adult) inj | D20: 1SRG/BOX | E20: 밀봉용기, 동결을 피하여 2∼8℃에서 차광보관 | AH20: 5 | AT20: =SUM(G20:AS20) -> 5
A21: XAMPSUL15 | B21: ampicillin sodium 1g, sulbactam sodium 0.5g | C21: Bactacin 1.5g inj | D21: 10vial/box | E21: 밀봉용기, 실온보관 | F21: 유사발음 | G21: 2 | AH21: 2 | AT21: =SUM(G21:AS21) -> 4
A22: BCG-H | B22: Freeze-dried glutamate BCG vac for percutaneous | C22: BCG vac.percutaneous 12mg/1.5ml | D22: 1amp | E22: 밀봉용기, 10℃이하 보관 | AF22: 2 | AT22: =SUM(G22:AS22) -> 2
A23: XBH | B23: Beecom hexa* | C23: Beecom hexa 2ml inj | D23: 50AMP/BOX | E23: 실온, 차광보관, 밀봉용기 | AH23: 2 | AT23: =SUM(G23:AS23) -> 2
A24: XXBROLU | B24: brolucizumab | C24: Beovu 19.8mg/0.165ml pfs | D24: 1srg/box | E24: 2~8℃ 보관, 얼리지 말 것, 차광보관 | AJ24: 1 | AT24: =SUM(G24:AS24) -> 1
A25: XBMETHA4W | B25: Betamethasone 4mg inj* | C25: Betamethasone 4mg inj | D25: 50AMP/BOX | E25: 차광밀봉용기, 실온(1~30℃)보관 | F25: 유사발음 | X25: 6 | AT25: =SUM(G25:AS25) -> 6
A26: XNICAR5 | B26: nicardipine hydrochloride | C26: Binicapin 5mg/5ml inj | D26: 25AMP/BOX | E26: 차광, 실온(1~30℃)보관 | G26: 3 | H26: 1 | I26: 2 | J26: 2 | K26: 1 | L26: 2 | M26: 2 | O26: 2 | P26: 2 | Q26: 2 | R26: 1 | S26: 2 | U26: 10 | V26: 2 | W26: 20 | AA26: 3 | AD26: 10 | AT26: =SUM(G26:AS26) -> 67
A27: XXHYAL20Y | C27: BM hyal 20mg pfs | E27: 밀봉용기, 실온(1~30℃)보관 | AP27: 3 | AQ27: 12 | AT27: =SUM(G27:AS27) -> 15
A28: XXHYAL40 | B28: Bonisenwons 40mg/2ml inj (sodium hyaluronate) | C28: Bonisenwons 40mg/2ml inj | D28: 1SRG/BOX | E28: 밀봉용기, 실온(1~30℃) 보관 | AT28: =SUM(G28:AS28) -> 0
A29: XCALCIT1 | B29: Calcitriol 1mcg | C29: Bonky 1mcg inj | D29: 10AMP/BOX | E29: 차광밀봉용기, 상온보관 | AD29: 20 | AT29: =SUM(G29:AS29) -> 20
A30: XIHEX3530 | C30: Bonorex 350 30ml inj | E30: 밀봉용기, 차광하여 실온(1～30℃)보관 | AQ30: 10 | AT30: =SUM(G30:AS30) -> 10
A31: XIBAND3W | B31: Ibandronate 3mg (PFS) | C31: Bonviva inj 3mg/3ml (PFS) | D31: 1SRG/BOX | E31: 밀봉용기, 실온(1-30℃)보관 | AH31: 3 | AT31: =SUM(G31:AS31) -> 3
A32: XEMOL1 | B32: Esmolol HCl 100mg | C32: Brevibloc 100mg inj | D32: 20VIA/BOX | E32: 실온보관 | U32: 2 | V32: 2 | W32: 20 | AA32: 2 | AT32: =SUM(G32:AS32) -> 26
A33: XEMOL25W | B33: Esmolol HCl 2.5g | C33: Brevibloc 2.5g inj(vial) | D33: 10VIAL/BOX | E33: 차광한 밀봉용기, 실온(1~30℃)보관 | AT33: =SUM(G33:AS33) -> 0
A34: TICAG90 | B34: Brilinta 90mg Tab (ticagrelor) | C34: Brilinta 90mg Tab | D34: 56TAB/BOX | E34: 기밀용기, 실온(1∼30℃)보관 | AA34: 2 | AC34: 4 | AT34: =SUM(G34:AS34) -> 6
A35: BSS-L | B35: BSS* | C35: BSS 500ml | D35: 500ML/BTL | E35: 2 ~ 25℃ 보관, 밀봉용기 | Y35: 10 | AT35: =SUM(G35:AS35) -> 10
A36: BSSP-L | B36: BSS plus* | C36: BSS plus 500ml | D36: 500ML/BTL | E36: 2℃ - 25℃ 보관, 밀봉용기 | Y36: 8 | AT36: =SUM(G36:AS36) -> 8
A37: BSS5-L | B37: BSS plastic bagtype 500ml | C37: BSS plastic bagtype 500ml | D37: 500ML/BAG | E37: 과열을 피하여 실온보관(8-27℃), 밀봉용기 | Y37: 12 | AT37: =SUM(G37:AS37) -> 12
A38: XIBUPR4P | B38: Bupensol 400mg/100ml inj (ibuprofen) | C38: Bupensol 400mg/100ml inj | D38: 100ML/BAG | E38: 밀봉용기, 실온(1~30℃)보관 | AA38: 5 | AT38: =SUM(G38:AS38) -> 5
A39: XBPCA5W | C39: Bupivacaine-HCl 0.5% 20ml inj HANA | E39: 차광밀봉용기, 실온(1~30℃)보관 | Y39: 30 | AT39: =SUM(G39:AS39) -> 30
A40: XXPCV21 | C40: Capvaxive 21 pfs | E40: 밀봉용기, 동결을 피하여 냉장(2~8℃) 보관, 차광 보관. | AH40: 2 | AT40: =SUM(G40:AS40) -> 2
A41: X10CAFS5 | B41: Amino acids 10% - cafsol | C41: Cafsol 10% 500ml inj | D41: 10BTL/BOX*10 | E41: 밀봉용기에 넣어 실온에 보관 | F41: 유사모양 | AT41: =SUM(G41:AS41) -> 0
A42: XCAGL | B42: Calcium gluconate 9.29mEq/amp | C42: Calcium gluconate 2g inj | D42: 50AMP/BOX | E42: 밀봉용기, 실온(1 - 30℃)보관 | J42: 2 | U42: 3 | V42: 5 | W42: 10 | AT42: =SUM(G42:AS42) -> 20
A43: XICARM | B43: Indigocarmine 0.8% | C43: Carmine 0.8% 5ml inj | D43: 10AMP/BOX | E43: 차광한 밀봉용기, 실온(1~30℃)보관 | W43: 5 | X43: 2 | Y43: 5 | AT43: =SUM(G43:AS43) -> 12
A44: XCZEDO | B44: Cefazedone 1g | C44: Cefazedone 1g inj | D44: 10VIA/BOX | E44: 밀봉용기, 실온보관 | O44: 2 | AE44: 1 | AH44: 2 | AT44: =SUM(G44:AS44) -> 5
A45: XCZOL1W | B45: Cefazolin 1g inj | C45: Cefazolin 1g inj | D45: 10VIA/BOX | E45: 밀봉용기, 실온보관 | O45: 2 | AA45: 3 | AC45: 1 | AE45: 1 | AH45: 2 | AT45: =SUM(G45:AS45) -> 9
A46: XCTXM5W | B46: Cefotaxime 500mg inj | C46: Cefotaxime 500mg inj (cefotaxime) | D46: 10VIA/BOX | E46: 밀봉용기, 실온(1-30℃)보관 | AT46: =SUM(G46:AS46) -> 0
A47: XCTXM | B47: Cefotaxime 1g | C47: Cefotaxime 1g inj CJ | D47: 10VIA/BOX | E47: 밀봉용기, 실온(1-30℃)보관 | AT47: =SUM(G47:AS47) -> 0
A48: XCTXM2G | B48: CefoTAXIME 2g inj | C48: CefoTAXIME 2g inj (cefotaxime) | D48: 10VIA/BOX | E48: 밀봉용기, 실온(1-31℃)보관 | AT48: =SUM(G48:AS48) -> 0
A49: XCMTAZ | B49: cefmetazole 1g inj | C49: Ceftacin 1g inj | D49: 11VIA/BOX | E49: 밀봉용기, 실온보관 | G49: 3 | X49: 4 | AE49: 1 | AH49: 2 | AT49: =SUM(G49:AS49) -> 10
A50: XCTRX5 | B50: Ceftriaxone 500mg | C50: Ceftriaxone 500mg inj CJ | D50: 10VIA/BOX | E50: 밀봉용기, 25도씨에서 차광보관 | AH50: 2 | AT50: =SUM(G50:AS50) -> 2
A51: XICGR25W | B51: indocyanine green | C51: Celbion green 25mg inj | D51: 1via/box | E51: 차광밀봉용기, 실온(1~30℃)보관 | W51: 1 | AT51: =SUM(G51:AS51) -> 1
A52: XABCIX | B52: Abciximab 10mg | C52: Clotinab 10mg/5ml Inj | D52: 1VIAL | E52: 밀봉용기, 냉장보관(2~8℃) | AC52: 6 | AT52: =SUM(G52:AS52) -> 6
A53: XAMIOD | B53: Amiodarone 150mg | C53: Cordarone 150mg/3ml inj | D53: 6AMP/BOX | E53: 밀봉용기 | J53: 4 | P53: 5 | Q53: 4 | U53: 5 | V53: 4 | W53: 8 | AC53: 6 | AT53: =SUM(G53:AS53) -> 36
A54: XHCS100 | B54: Hydrocortisone 100mg Inj | C54: Cortisolu 100mg inj. | D54: 50VIAL/BOX | E54: 차광밀봉용기, 실온(1 ~ 30℃)보관 | AH54: 5 | AT54: =SUM(G54:AS54) -> 5
A55: XCFACT120 | B55: Poractant alfa 120mg | C55: Curosurf 120mg inj. | D55: 1SRG/BOX | E55: 밀봉용기, 5 ±3℃ 냉암소보관 | Z55: 3 | AT55: =SUM(G55:AS55) -> 3
A56: MISOP2 | B56: Misoprostol 200mcg | C56: Cytotec 200mcg tab | D56: 120TAB/BTL | E56: 기밀용기, 실온보관(1-30℃) | X56: 20 | Y56: 5 | AE56: 8 | AT56: =SUM(G56:AS56) -> 33
A57: XD31 | B57: Cholecalciferol 2.5mg | C57: D3 Base 100000IU inj | D57: 6AMP/BOX | E57: 밀봉용기, 차광하여 실온(1~30℃) 보관 | AH57: 6 | AT57: =SUM(G57:AS57) -> 6
A58: XD33 | B58: Cholecalciferol 7.5mg | C58: D3 Base 300000IU inj | D58: 2AMP/BOX | E58: 밀봉용기, 차광하여 실온(1~30℃)보관 | AH58: 3 | AT58: =SUM(G58:AS58) -> 3
A59: XPCMOL | B59: Propacetamol 1g | C59: Denogan 1g inj | D59: 10VIA/BOX | E59: 차광밀봉용기, 1~25℃보관 | G59: 6 | H59: 4 | I59: 6 | J59: 5 | K59: 5 | L59: 6 | M59: 4 | O59: 8 | P59: 3 | Q59: 3 | R59: 6 | S59: 5 | U59: 5 | V59: 5 | W59: 50 | AD59: 5 | AH59: 5 | AT59: =SUM(G59:AS59) -> 131
A60: XADENO90 | B60: Adenosine 90mg/30ml | C60: Denosin 90mg/30ml inj | D60: 10VIA/BOX | E60: 밀봉용기, 실온(1~30℃)보관 | AC60: 4 | AT60: =SUM(G60:AS60) -> 4
A61: XDXM | B61: Dexamethasone 5mg | C61: Dexamethasone 5mg inj | D61: 50AMP/BOX | E61: 차광한 밀봉용기, 실온(1 ~ 30℃) 보관 | F61: 유사발음 | G61: 2 | I61: 3 | K61: 1 | M61: 2 | O61: 2 | U61: 2 | W61: 30 | AH61: 5 | AN61: 30 | AQ61: 10 | AT61: =SUM(G61:AS61) -> 87
A62: XDICLOF | B62: diclofenac-β-dimethyl-aminoethanol 90mg/2ml | C62: Dibeta-C 90mg/2ml inj | D62: 50AMP/BOX | E62: 차광밀봉용기, 실온(1~30℃)보관 | L62: 6 | O62: 2 | R62: 1 | AA62: 5 | AH62: 2 | AT62: =SUM(G62:AS62) -> 16
A63: XDGX | B63: Digoxin 0.25mg/1ml | C63: Digoxin 0.25mg inj | D63: 10AMP/BOX | E63: 밀봉용기 | U63: 1 | AT63: =SUM(G63:AS63) -> 1
A64: XTRIPTO3W | C64: DIPHERELINE PR 3.75mg inj | E64: 밀봉용기,25℃이하 보관 | AF64: 10 | AT64: =SUM(G64:AS64) -> 10
A65: XTRIPTO11 | B65: Triptorelin 11.25mg | C65: Diphereline PR 11.25mg inj | D65: 1VIAL | E65: 밀봉용기, 25℃이하 보관 | AF65: 5 | AT65: =SUM(G65:AS65) -> 5
A66: XHUR16C40 | B66: Discovisc 1ml inj (sodium hyaluronate/chondroitin sodium sulfate) | C66: Discovisc 1ml inj | D66: 1SRG/BOX | E66: 기밀용기, 2-8℃ 보관 | Y66: 10 | AT66: =SUM(G66:AS66) -> 10
A67: XDOB250 | B67: Dobutamine 250mg Inj | C67: Doburan 250mg/5ml Inj | D67: 10 AMP/BOX | E67: 밀봉용기, 상온(15 ~ 25℃)보관 | U67: 4 | V67: 8 | AT67: =SUM(G67:AS67) -> 12
A68: XDOB5D2 | B68: Dobutamine/D5W 500mg/250ml bag | C68: DOBUTamine/D5W 500mg/250ml bag | D68: 20BAG/BOX | E68: 밀봉용기, 25℃이하에서 보관 | F68: 유사발음 | U68: 1 | V68: 2 | W68: 2 | AT68: =SUM(G68:AS68) -> 5
A69: XDOPA4D2 | B69: Dopamine/D5W 400mg/200ml bag | C69: DOPamine/D5W 400mg/200ml bag CJ | D69: 30BAG/BOX | E69: 밀봉용기, 실온(1-30℃)보관 | F69: 유사발음 | U69: 3 | V69: 3 | W69: 5 | AC69: 2 | AD69: 1 | AT69: =SUM(G69:AS69) -> 14
A70: XXDPT.5W | B70: DTaP vaccine 0.5ml pfs | C70: DTaP 0.5ml vaccine(Boryung) | D70: 10SRG/BOX | E70: 밀봉용기, 2-8℃에서 동결을 피하여 보관 | AF70: 1 | AT70: =SUM(G70:AS70) -> 1
A71: BISA1-P | B71: Bisacodyl supp | C71: Dulcolax suppo | D71: 50PILL/BOX | E71: 기밀용기, 25℃이하 보관 | S71: 2 | AT71: =SUM(G71:AS71) -> 2
A72: XXDUPIL3P | C72: Dupixent 300mg/2ml pen | E72: 밀봉용기, 차광하여 냉장보관(2-8℃) | AH72: 1 | AT72: =SUM(G72:AS72) -> 1
A73: XCTOC100R | B73: Carbetocin 100mcg | C73: Duratocin RTS 100mcg inj | D73: 5VIA/BOX | E73: 밀봉용기, 차광하여 실온(1~30℃)보관, 얼리지 말 것 | W73: 10 | X73: 5 | AT73: =SUM(G73:AS73) -> 15
A74: XPGE110 | C74: Eglandin 10mcg/2ml inj | E74: 밀봉용기,동결을 피해 5℃이하에서 차광하여 보관 | AI74: 2 | AT74: =SUM(G74:AS74) -> 2
A75: XEPHE | B75: Ephedrine HCl 40mg | C75: Ephedrine HCl 40mg inj | D75: 50AMP/BOX | E75: 차광한 밀봉용기, 실온(1～30℃)보관, | F75: 유사발음 | W75: 50 | AC75: 1 | AT75: =SUM(G75:AS75) -> 51
A76: XLEVET500W | B76: Levetiracetam 500mg | C76: Epilatam 500mg inj | D76: 10vial/BOX | E76: 밀봉용기, 실온(1~30℃)보관 | F76: 유사발음 | O76: 2 | W76: 2 | AA76: 1 | AT76: =SUM(G76:AS76) -> 5
A77: XEPIN | B77: Epinephrine HCl 1mg | C77: Epinephrine 1mg/1ml inj | D77: 50AMP/BOX | E77: 차광밀봉용기, 25℃이하 보관, 냉장보관하지 말 것. | F77: 유사발음 | U77: 20 | V77: 20 | W77: 40 | X77: 2 | AC77: 10 | AF77: 1 | AO77: 2 | AT77: =SUM(G77:AS77) -> 95
A78: XXEPOA10K | B78: Erythropoietin alpha 10,000IU | C78: Epokine pfs 10000iu inj | D78: 6SRG/BOX | E78: 밀봉용기, 2-8℃에서 냉장보관 | AD78: 12 | AT78: =SUM(G78:AS78) -> 12
A79: XXEPOA2 | B79: Erythropoetin alpha 2000IU | C79: Epokine pfs 2000iu inj | D79: 6SRG/BOX | E79: 밀봉용기, 2-8℃에서 냉장보관 | AD79: 12 | AT79: =SUM(G79:AS79) -> 12
A80: XXEPOA3K | B80: Erythropoetin alpha 3000IU | C80: Epokine pfs 3000iu inj | D80: 6SRG/BOX | E80: 밀봉용기, 2-8℃에서 냉장보관 | AD80: 12 | AT80: =SUM(G80:AS80) -> 12
A81: XXEPOA4K | B81: Erythropoetin alpha 4000IU | C81: Epokine pfs 4000iu inj | D81: 6SRG/BOX | E81: 밀봉용기, 2-8℃에서 냉장보관 | AD81: 12 | AT81: =SUM(G81:AS81) -> 12
A82: XXEPOA6K | B82: Erythropoetin alpha 6000IU | C82: Epokine pfs 6000iu inj | D82: 6SRG/BOX*16 | E82: 밀봉용기, 2-8℃에서 냉장보관 | AD82: 12 | AT82: =SUM(G82:AS82) -> 12
A83: XXEPOA8K | B83: Erythropoietin alpha 8000IU | C83: Epokine pfs 8000iu inj | D83: 6SRG/BOX | E83: 밀봉용기, 2-8℃에서 냉장보관 | AD83: 6 | AT83: =SUM(G83:AS83) -> 6
A84: XMERGO | B84: Methylergometrin maleate 0.2mg | C84: Eruvin 0.2mg inj | D84: 50AMP/BOX | E84: 차광밀봉용기, 냉장(2~8℃)보관 | W84: 2 | X84: 2 | Y84: 5 | AC84: 8 | AT84: =SUM(G84:AS84) -> 17
A85: XROCU50 | B85: Esmeron 50mg/5ml inj | C85: Esmeron 50mg/5ml inj | D85: 10 VIAL/BOX | E85: 밀봉용기, 2-8℃보관 | F85: 고위험의약품 | U85: 1 | V85: 1 | W85: 60 | AA85: 2 | AB85: 2 | AT85: =SUM(G85:AS85) -> 66
A86: MUPIR1Y-O | C86: Esroban 10g oint | E86: 기밀용기, 실온(1~30℃)보관 | U86: 1 | AT86: =SUM(G86:AS86) -> 1
A87: XETOM | B87: Etomidate 20mg | C87: Etomidate lipuro 20mg/10ml inj | D87: 10AMP/BOX | E87: 밀봉용기, 차광하여 25℃이하 실온보관 | F87: 고위험의약품 | AT87: =SUM(G87:AS87) -> 0
A88: XHINFB5 | B88: H.influenzae B comb. with toxoids | C88: euHIB 0.5ml inj | D88: 10 SRG/BOX | E88: 밀봉용기, 동결을 피하여 2～8℃에서 보관 | AF88: 1 | AT88: =SUM(G88:AS88) -> 1
A89: XEUV-P | B89: Purified hepatitis B surface antigen protein 10mcg | C89: Euvax-B 0.5ml inj | D89: 20VIA/BOX | E89: 밀봉용기, 2-8℃에서 보관 | AF89: 2 | AT89: =SUM(G89:AS89) -> 2
A90: XXHBV20W | B90: Hepatitis B vaccine 20mcg pfs | C90: Euvax-B 20mcg pfs | D90: 10SRG/BOX | E90: 밀봉용기, 2-8℃에서 동결을 피하여 보관 | AH90: 5 | AT90: =SUM(G90:AS90) -> 5
A91: XXROMO1 | B91: Romosozumab 105mg | C91: Evenity 105mg/1.17ml | D91: 2pfs/box | E91: 밀봉용기, 차광하여 냉장 보관(2-8°C) | AH91: 6 | AT91: =SUM(G91:AS91) -> 6
A92: XAFLIB2W | B92: Aflibercept 11.12mg | C92: Eydenzelt 2mg/0.05ml inj | D92: 1VIA | E92: 밀봉용기, 냉장보관(2~8℃) | AT92: =SUM(G92:AS92) -> 0
A93: XXAFLIB2 | C93: Eydenzelt pfs 2mg/0.05mL | E93: 밀봉용기, 냉장보관(2~9℃) | AJ93: 4 | AT93: =SUM(G93:AS93) -> 4
A94: XCZEDO2G | B94: Cefazedone 2g | C94: Fazidone 2g inj | D94: 10VIA/BOX | E94: 밀봉용기,실온(1~30℃)보관 | G94: 2 | I94: 1 | O94: 2 | AE94: 4 | AH94: 3 | AT94: =SUM(G94:AS94) -> 12
A95: XFECMC500 | C95: Ferinject 500mg/10ml Inj | E95: 밀봉용기, 실온(1~30℃) 보관. 얼리지 말 것. | AH95: 2 | AT95: =SUM(G95:AS95) -> 2
A96: XFMXEF | B96: Flomoxef sodium 500mg | C96: Flumarin 0.5g inj | D96: 10VIA/BOX | E96: 실온보관 밀봉용기 | F96: 유사발음 | AE96: 2 | AM96: 4 | AT96: =SUM(G96:AS96) -> 6
A97: XFLUMA3 | B97: Flumazenil 0.3mg | C97: Flunil 0.3mg/3ml inj | D97: 5AMP/BOX | E97: 밀봉용기, 30℃이하 보관 | V97: 2 | AC97: 2 | AI97: 5 | AT97: =SUM(G97:AS97) -> 9
A98: XFLUMA | B98: Flumazenil 0.5mg | C98: Flunil 0.5mg/5ml inj | D98: 5AMP/BOX | E98: 밀봉용기, 30℃이하 보관 | W98: 5 | AT98: =SUM(G98:AS98) -> 5
A99: SMECD-K | B99: diosmectite | C99: fotaGEL susp 20ml/pkg | D99: 20포/box | E99: 기밀용기, 실온보관(1-30℃) | S99: 2 | AT99: =SUM(G99:AS99) -> 2
A100: X8FRAV2 | B100: amino acids | C100: FRAVASOL 8.5% 250ml | E100: 밀봉용기, 실온보관 | AH100: 3 | AT100: =SUM(G100:AS100) -> 3
...

Sheet Sheet1

Sheet Sheet4

Sheet Sheet3

Sheet 42
A1: no | B1: 약품코드 | C1: 일반명 | D1: 영문상품명 | E1: 규격 | F1: 보관조건 | G1: 혼돈주의약품 | H1: 24.05.16
A2: 1 | B2: XAPH1 | C2: Acetaminophen 1g/100ml | D2: Acetphen 1g/100ml premix inj | E2: 1bag | F2: 실온보관(1~30℃), 밀봉용기 | H2: 2
A3: 2 | B3: XAMPSUL15 | C3: ampicillin sodium 1g, sulbactam sodium 0.5g | D3: Bactacin 1.5g inj | E3: 10vial/box | F3: 밀봉용기, 실온보관 | G3: 유사발음 | H3: 2
A4: 3 | B4: XNICAR5 | D4: Binicapin 5mg/5ml inj | E4: 25amp/BOX | F4: 차광, 실온(1~30℃)보관 | H4: 3
A5: 4 | B5: XCMTAZ | C5: cefmetazole 1g inj | D5: Ceftacin 1g inj | E5: 11VIA/BOX | F5: 밀봉용기, 실온보관 | H5: 3
A6: 5 | B6: XPCMOL | C6: Propacetamol 1g | D6: Denogan 1g inj | E6: 10VIA/BOX | F6: 차광밀봉용기, 1~25℃보관 | H6: 6
A7: 6 | B7: XDXM | C7: Dexamethasone 5mg | D7: Dexamethasone 5mg inj | E7: 50AMP/BOX | F7: 차광한 밀봉용기, 실온(1 ~ 30℃) 보관 | G7: 유사발음 | H7: 2
A8: 7 | B8: XCZEDO2G | C8: Cefazedone 2g | D8: Fazidone 2g inj | E8: 10VIA/BOX | F8: 밀봉용기,실온(1~30℃)보관 | H8: 2
A9: 8 | B9: XFAMO2W | C9: Famotidine 20mg inj | D9: Gaster 20mg/10ml inj | E9: 10AMP/BOX*10 | F9: 밀봉용기, 실온보관(1~30℃) | H9: 3
A10: 9 | B10: XKROL | C10: Ketorolac tromethamine 30mg | D10: Keromin 30mg Inj | E10: 50AMP/BOX | F10: 차광밀봉용기, 실온(1-30℃)보관 | H10: 4
A11: 10 | B11: XLABETA20 | C11: Labetalol HCl 20mg inj | D11: Labesin 20mg/4ml inj | E11: 50AMP/BOX | F11: 차광밀봉용기, 실온보관 | H11: 3
A12: 11 | B12: XFURO | C12: Furosemide 20mg | D12: Lasix 20mg inj | E12: 50AMP/BOX | F12: 밀봉용기 실온보관 차광. | G12: 유사모양 | H12: 3
A13: 12 | B13: XMEXO | C13: Metoclopramide | D13: Macperan 10mg inj | E13: 50AMP/BOX | F13: 밀봉용기, 차광, 실온(1~30℃)보관 | H13: 4
A14: 13 | B14: XCPENIR | C14: Chlorpheniramine | D14: Peniramin 4mg/2ml inj | E14: 100AMP/BOX | F14: 밀봉용기 | H14: 2
A15: 14 | B15: XTAZOC4W | C15: Piperacillin sod 4g/Tazobactam 0.5g | D15: Tazoractam 4.5g inj | E15: 10VIAL/BOX | F15: 밀봉용기, 실온(1-30℃) 보관 | H15: 2
A16: 15 | B16: XTRAM50 | C16: Tramadol 50mg/ml | D16: Tridol 50mg inj | E16: 50AMP/BOX | F16: 밀봉용기, 실온(1～30℃)보관 | H16: 6
D17: 보유비품약 품목수 | H17: 15

Sheet 61
A1: NO | B1: 약품코드 | C1: 일반명 | D1: 영문상품명 | E1: 규격 | F1: 보관조건 | G1: 혼돈주의약품 | H1: 26.04.22
A2: 1 | B2: XAPH1 | C2: Acetaminophen 1g/100ml | D2: Acetphen 1g/100ml premix inj | E2: 1bag | F2: 실온보관(1~30℃), 밀봉용기 | H2: 1
A3: 2 | B3: ASP1PR | C3: Aspirin enteric coated 100mg tab | D3: Aspirin protect 100mg tab | E3: 1500TAB/BOX | F3: 기밀용기, 실온(25℃이하)보관 | H3: 3
A4: 3 | B4: XNICAR5 | D4: Binicapin 5mg/5ml inj | F4: 차광, 실온(1~30℃)보관 | H4: 1
A5: 4 | B5: XPCMOL | C5: Propacetamol 1g | D5: Denogan 1g inj | E5: 10VIA/BOX | F5: 차광밀봉용기, 1~25℃보관 | H5: 4
A6: 5 | B6: XDILT | C6: Diltiazem 50mg inj | D6: Herben 50mg inj | E6: 10VIA/BOX | F6: 밀봉용기, 실온보존(1～30℃) | H6: 1
A7: 6 | B7: XHYOS2Y | C7: Hyspan 20mg inj | D7: Hyspan 20mg inj | E7: 50AMP/BOX | F7: 차광밀봉용기, 실온(1~30℃)보관 | H7: 1
A8: 7 | B8: XKROL | C8: Ketorolac tromethamine 30mg | D8: Keromin 30mg Inj | E8: 50AMP/BOX | F8: 차광밀봉용기, 실온(1-30℃)보관 | H8: 2
A9: 8 | B9: XFURO | C9: Furosemide 20mg | D9: Lasix 20mg inj | E9: 50AMP/BOX | F9: 밀봉용기 실온보관 차광. | G9: =VLOOKUP(B9,'비품현황표(전체)'!$A$1:$F$273,6,0) -> 유사모양 | H9: 2
A10: 9 | B10: XMEXO | C10: Metoclopramide | D10: Macperan 10mg inj | E10: 50AMP/BOX | F10: 밀봉용기, 차광, 실온(1~30℃)보관 | H10: 2
A11: 10 | B11: XESOME40 | C11: Esomerazole sodium | D11: Nexium 40mg inj. | E11: 40MG/VIAL*10*12 | F11: 밀봉용기, 차광하여 30℃이하 보관 | H11: 1
A12: 11 | B12: NITR | C12: nitroglycerin | D12: Nitroglycerine 0.6mg tab | F12: 차광 기밀용기, 20도이하보관 | H12: 2
A13: 12 | B13: XNITR10F | C13: Nitroglycerin 10mg | D13: Nitrolingual 10mg inj | E13: 10 AMP/BOX | F13: 밀봉용기, 실온보관 | G13: =VLOOKUP(B13,'비품현황표(전체)'!$A$1:$F$273,6,0) -> 유사모양 | H13: 1
A14: 13 | B14: XPANTO4 | C14: Pantoprazole 40mg inj. | D14: Pantoline 40mg inj | E14: 1VIAL/BOX | F14: 차광밀봉용기, 25℃ 이하 | H14: 1
A15: 14 | B15: XCPENIR | C15: Chlorpheniramine | D15: Peniramin 4mg/2ml inj | E15: 100AMP/BOX | F15: 밀봉용기 | H15: 1
A16: 15 | B16: CLOPID | C16: Clopidogrel 75mg | D16: Plavix 75mg tab | E16: 100TAB/BTL | F16: 기밀용기, 실온보관(1~30℃) | G16: =VLOOKUP(B16,'비품현황표(전체)'!$A$1:$F$273,6,0) -> 유사모양 | H16: 10
A17: 16 | B17: XTAZOC4W | C17: Piperacillin sod 4g/Tazobactam 0.5g | D17: Tazoractam 4.5g inj | E17: 10VIAL/BOX | F17: 밀봉용기, 실온(1-30℃) 보관 | H17: 1
A18: 17 | B18: XTRAM50 | C18: Tramadol 50mg/ml | D18: Tridol 50mg inj | E18: 50AMP/BOX | F18: 밀봉용기, 실온(1～30℃)보관 | H18: 3
D19: 보유비품약 품목수 | H19: 17

Sheet 62
A1: NO | B1: 약품코드 | C1: 일반명 | D1: 영문상품명 | E1: 규격 | F1: 보관조건 | G1: 혼돈주의약품 | H1: 23.01.17
A2: 1 | B2: XPALON75 | C2: Palonosetron 0.075mg/1.5ml | D2: Aloxi 0.075mg/1.5ml inj | E2: 5vial/BOX | F2: 실온(1∼30℃)보관, 밀봉용기, 빛을 피하여 보관 | G2: =VLOOKUP(B2,'비품현황표(전체)'!$A$1:$F$273,6, ) -> 용량고주의 | H2: 1
A3: 2 | B3: XAMBR15 | C3: Ambroxol 15mg | D3: Ambroxol 15mg inj | E3: 50AMP/BOX | F3: 차광밀봉용기, 실온(1~30℃)보관 | G3: 유사모양 | H3: 2
A4: 3 | B4: XNICAR5 | D4: Binicapin 5mg/5ml inj | F4: 차광, 실온(1~30℃)보관 | H4: 2
A5: 4 | B5: XPCMOL | C5: Propacetamol 1g | D5: Denogan 1g inj | E5: 10VIA/BOX | F5: 차광밀봉용기, 1~25℃보관 | H5: 6
A6: 5 | B6: XDXM | C6: Dexamethasone 5mg | D6: Dexamethasone 5mg inj | E6: 50AMP/BOX | F6: 차광한 밀봉용기, 실온(1 ~ 30℃) 보관 | G6: =VLOOKUP(B6,'비품현황표(전체)'!$A$1:$F$273,6, ) -> 유사발음 | H6: 3
A7: 6 | B7: XCZEDO2G | C7: Cefazedone 2g | D7: Fazidone 2g inj | E7: 10VIA/BOX | F7: 밀봉용기,실온(1~30℃)보관 | H7: 1
A8: 7 | B8: XFAMO2W | C8: Famotidine 20mg inj | D8: Gaster 20mg/10ml inj | E8: 10AMP/BOX*10 | F8: 밀봉용기, 실온보관(1~30℃) | H8: 2
A9: 8 | B9: XHYOS2Y | C9: Hyspan 20mg inj | D9: Hyspan 20mg inj | E9: 50AMP/BOX | F9: 차광밀봉용기, 실온(1~30℃)보관 | H9: 1
A10: 9 | B10: XKROL | C10: Ketorolac tromethamine 30mg | D10: Keromin 30mg Inj | E10: 50AMP/BOX | F10: 차광밀봉용기, 실온(1-30℃)보관 | H10: 5
A11: 10 | B11: XFURO | C11: Furosemide 20mg | D11: Lasix 20mg inj | E11: 50AMP/BOX | F11: 밀봉용기 실온보관 차광. | G11: =VLOOKUP(B11,'비품현황표(전체)'!$A$1:$F$273,6, ) -> 유사모양 | H11: 1
A12: 11 | B12: XMEXO | C12: Metoclopramide | D12: Macperan 10mg inj | E12: 50AMP/BOX | F12: 밀봉용기, 차광, 실온(1~30℃)보관 | H12: 5
A13: 12 | B13: XCMINX | C13: Cefminox sodium 1g | D13: Meicelin 1g inj | E13: 10VIA/BOX | F13: 밀봉용기, 실온보관 | H13: 2
A14: 13 | B14: XPANTO4 | C14: Pantoprazole 40mg inj. | D14: Pantoline 40mg inj | E14: 1VIAL/BOX | F14: 차광밀봉용기, 25℃ 이하 | H14: 2
A15: 14 | B15: XCPENIR | C15: Chlorpheniramine | D15: Peniramin 4mg/2ml inj | E15: 100AMP/BOX | F15: 밀봉용기 | H15: 1
A16: 15 | B16: XHPD | C16: Haloperidol 5mg/1ml | D16: Peridol 5mg inj | E16: 10AMP/BOX | F16: 밀봉용기, 차광하여 실온보관 | G16: =VLOOKUP(B16,'비품현황표(전체)'!$A$1:$F$273,6, ) -> 유사발음 | H16: 1
A17: 16 | B17: XTAZOC4W | C17: Piperacillin sod 4g/Tazobactam 0.5g | D17: Tazoractam 4.5g inj | E17: 10VIAL/BOX | F17: 밀봉용기, 실온(1-30℃) 보관 | H17: 1
A18: 17 | B18: XTRAM50 | C18: Tramadol 50mg/ml | D18: Tridol 50mg inj | E18: 50AMP/BOX | F18: 밀봉용기, 실온(1～30℃)보관 | H18: 5
D19: 보유비품약 품목수 | H19: 17

Sheet 71
A1: NO | B1: 약품코드 | C1: 일반명 | D1: 영문상품명 | E1: 규격 | F1: 보관조건 | G1: 혼돈주의약품 | H1: 25.06.11
A2: 1 | B2: IPRAT-RS | C2: Ipratropium bromide inh.soln 500mcg/2ml | D2: Atrovent UDV 2ml/Amp | E2: 20AMP/BOX*54 | F2: 밀봉용기, 실온보관 | G2: =VLOOKUP(B2,'비품현황표(전체)'!$A$1:$F$273,6, ) -> 유사모양 | H2: 1
A3: 2 | B3: XNICAR5 | D3: Binicapin 5mg/5ml inj | F3: 차광, 실온(1~30℃)보관 | H3: 2
A4: 3 | B4: XCAGL | C4: Calcium gluconate 9.29mEq/amp | D4: Calcium gluconate 2g inj | E4: 50AMP/BOX | F4: 밀봉용기, 실온(1 - 30℃)보관 | H4: 2
A5: 4 | B5: XAMIOD | C5: Amiodarone 150mg | D5: Cordarone 150mg/3ml inj | E5: 6AMP/BOX | F5: 밀봉용기 | H5: 4
A6: 5 | B6: XPCMOL | C6: Propacetamol 1g | D6: Denogan 1g inj | E6: 10VIA/BOX | F6: 차광밀봉용기, 1~25℃보관 | H6: 5
A7: 6 | B7: XKROL | C7: Ketorolac tromethamine 30mg | D7: Keromin 30mg Inj | E7: 50AMP/BOX | F7: 차광밀봉용기, 실온(1-30℃)보관 | H7: 2
A8: 7 | B8: XFURO | C8: Furosemide 20mg | D8: Lasix 20mg inj | E8: 50AMP/BOX | F8: 밀봉용기 실온보관 차광. | G8: =VLOOKUP(B8,'비품현황표(전체)'!$A$1:$F$273,6, ) -> 유사모양 | H8: 2
A9: 8 | B9: XMEXO | C9: Metoclopramide | D9: Macperan 10mg inj | E9: 50AMP/BOX | F9: 밀봉용기, 차광, 실온(1~30℃)보관 | H9: 5
A10: 9 | B10: ACYST-A | C10: Acetylcysteine 20% 4ml sol | D10: Mucomyst 20% 4ml sol | E10: 10VIA/BOX | F10: 기밀용기,실온에서 차광보존 | G10: =VLOOKUP(B10,'비품현황표(전체)'!$A$1:$F$273,6, ) -> 유사모양 | H10: 1
A11: 10 | B11: XNITR10F | C11: Nitroglycerin 10mg | D11: Nitrolingual 10mg inj | E11: 10 AMP/BOX | F11: 밀봉용기, 실온보관 | G11: =VLOOKUP(B11,'비품현황표(전체)'!$A$1:$F$273,6, ) -> 유사모양 | H11: 1
A12: 11 | B12: XNORE10 | C12: Norepinephrine 10mg/10ml | D12: Norpin 10mg inj | E12: 10AMP/BOX | F12: 차광밀봉용기, 실온보관(1-30) | H12: 3
A13: 12 | B13: XCPENIR | C13: Chlorpheniramine | D13: Peniramin 4mg/2ml inj | E13: 100AMP/BOX | F13: 밀봉용기 | H13: 1
A14: 13 | B14: XHPD | C14: Haloperidol 5mg/1ml | D14: Peridol 5mg inj | E14: 10AMP/BOX | F14: 밀봉용기, 차광하여 실온보관 | G14: =VLOOKUP(B14,'비품현황표(전체)'!$A$1:$F$273,6, ) -> 유사발음 | H14: 1
A15: 14 | B15: BUD2-RP | C15: Budesonide nebulizer 0.5mg/2ml amp | D15: Pulmican sus 0.5mg/2ml amp | E15: 30AMP/BOX | F15: 기밀용기, 실온(1~30℃)보관 | G15: =VLOOKUP(B15,'비품현황표(전체)'!$A$1:$F$273,6, ) -> 유사모양 | H15: 1
A16: 15 | B16: XTRAM50 | C16: Tramadol 50mg/ml | D16: Tridol 50mg inj | E16: 50AMP/BOX | F16: 밀봉용기, 실온(1～30℃)보관 | H16: 5
D17: 보유비품약 품목수 | H17: 15

Sheet 72
A1: NO | B1: 약품코드 | C1: 일반명 | D1: 영문상품명 | E1: 규격 | F1: 보관조건 | G1: 혼돈주의약품 | H1: 26.06.01
A2: 1 | B2: XAPH1 | C2: Acetaminophen 1g/100ml | D2: Acetphen 1g/100ml premix inj | E2: 1bag | F2: 실온보관(1~30℃), 밀봉용기 | H2: 1
A3: 2 | B3: XNICAR5 | D3: Binicapin 5mg/5ml inj | F3: 차광, 실온(1~30℃)보관 | H3: 1
A4: 3 | B4: XPCMOL | C4: Propacetamol 1g | D4: Denogan 1g inj | E4: 10VIA/BOX | F4: 차광밀봉용기, 1~25℃보관 | H4: 5
A5: 4 | B5: XDXM | C5: Dexamethasone 5mg | D5: Dexamethasone 5mg inj | E5: 50AMP/BOX | F5: 차광한 밀봉용기, 실온(1 ~ 30℃) 보관 | G5: =VLOOKUP(B5,'비품현황표(전체)'!$A$1:$F$273,6, ) -> 유사발음 | H5: 1
A6: 5 | B6: XHYOS2Y | C6: Hyspan 20mg inj | D6: Hyspan 20mg inj | E6: 50AMP/BOX | F6: 차광밀봉용기, 실온(1~30℃)보관 | H6: 1
A7: 6 | B7: XKROL | C7: Ketorolac tromethamine 30mg | D7: Keromin 30mg Inj | E7: 50AMP/BOX | F7: 차광밀봉용기, 실온(1-30℃)보관 | H7: 5
A8: 7 | B8: XFURO | C8: Furosemide 20mg | D8: Lasix 20mg inj | E8: 50AMP/BOX | F8: 밀봉용기 실온보관 차광. | G8: =VLOOKUP(B8,'비품현황표(전체)'!$A$1:$F$273,6, ) -> 유사모양 | H8: 1
A9: 8 | B9: XMEXO | C9: Metoclopramide | D9: Macperan 10mg inj | E9: 50AMP/BOX | F9: 밀봉용기, 차광, 실온(1~30℃)보관 | H9: 5
A10: 9 | B10: XNITR10F | C10: Nitroglycerin 10mg | D10: Nitrolingual 10mg inj | E10: 10 AMP/BOX | F10: 밀봉용기, 실온보관 | G10: =VLOOKUP(B10,'비품현황표(전체)'!$A$1:$F$273,6, ) -> 유사모양 | H10: 1
A11: 10 | B11: XNORE10 | C11: Norepinephrine 10mg/10ml | D11: Norpin 10mg inj | E11: 10AMP/BOX | F11: 차광밀봉용기, 실온보관(1-30) | H11: 3
A12: 11 | B12: XCPENIR | C12: Chlorpheniramine | D12: Peniramin 4mg/2ml inj | E12: 100AMP/BOX | F12: 밀봉용기 | H12: 1
A13: 12 | B13: XHPD | C13: Haloperidol 5mg/1ml | D13: Peridol 5mg inj | E13: 10AMP/BOX | F13: 밀봉용기, 차광하여 실온보관 | G13: =VLOOKUP(B13,'비품현황표(전체)'!$A$1:$F$273,6, ) -> 유사발음 | H13: 3
A14: 13 | B14: BUD2-RP | C14: Budesonide nebulizer 0.5mg/2ml amp | D14: Pulmican sus 0.5mg/2ml amp | E14: 30AMP/BOX | F14: 기밀용기, 실온(1~30℃)보관 | G14: 유사모양 | H14: 1
A15: 14 | B15: XTRAM50 | C15: Tramadol 50mg/ml | D15: Tridol 50mg inj | E15: 50AMP/BOX | F15: 밀봉용기, 실온(1～30℃)보관 | H15: 5
A16: 15 | B16: SALB-NB | C16: Salbutamol inhalation nebule 2.5mg | D16: Ventolin nebule 2.5mg | E16: 20AMP/BOX*54 | F16: 기밀용기, 30℃이하 차광보관 | G16: 유사모양 | H16: 1
D17: 보유비품약 품목수 | H17: 15

Sheet 81
A1: NO | B1: 약품코드 | C1: 일반명 | D1: 영문상품명 | E1: 규격 | F1: 보관조건 | G1: 혼돈주의약품 | H1: 25.10.16
A2: 1 | B2: XAPH1 | C2: Acetaminophen 1g/100ml | D2: Acetphen 1g/100ml premix inj | E2: 1bag | F2: 실온보관(1~30℃), 밀봉용기 | H2: 2
A3: 2 | B3: XNICAR5 | D3: Binicapin 5mg/5ml inj | F3: 차광, 실온(1~30℃)보관 | G3: =IF(VLOOKUP(B3,'비품현황표(전체)'!$A$1:$F$273,6,FALSE)=0,"",VLOOKUP(B3,'비품현황표(전체)'!$A$1:$F$273,6,FALSE)) | H3: 2
A4: 3 | B4: XPCMOL | C4: Propacetamol 1g | D4: Denogan 1g inj | E4: 10VIA/BOX | F4: 차광밀봉용기, 1~25℃보관 | G4: =IF(VLOOKUP(B4,'비품현황표(전체)'!$A$1:$F$273,6,FALSE)=0,"",VLOOKUP(B4,'비품현황표(전체)'!$A$1:$F$273,6,FALSE)) | H4: 6
A5: 4 | B5: XDICLOF | C5: diclofenac-β-dimethyl-aminoethanol 90mg/2ml | D5: Dibeta-C 90mg/2ml inj | E5: 50AMP/BOX | F5: 차광밀봉용기, 실온(1~30℃)보관 | G5: =IF(VLOOKUP(B5,'비품현황표(전체)'!$A$1:$F$273,6,FALSE)=0,"",VLOOKUP(B5,'비품현황표(전체)'!$A$1:$F$273,6,FALSE)) | H5: 6
A6: 5 | B6: XKROL | C6: Ketorolac tromethamine 30mg | D6: Keromin 30mg Inj | E6: 50AMP/BOX | F6: 차광밀봉용기, 실온(1-30℃)보관 | G6: =IF(VLOOKUP(B6,'비품현황표(전체)'!$A$1:$F$273,6,FALSE)=0,"",VLOOKUP(B6,'비품현황표(전체)'!$A$1:$F$273,6,FALSE)) | H6: 3
A7: 6 | B7: XMEXO | C7: Metoclopramide | D7: Macperan 10mg inj | E7: 50AMP/BOX | F7: 밀봉용기, 차광, 실온(1~30℃)보관 | G7: =IF(VLOOKUP(B7,'비품현황표(전체)'!$A$1:$F$273,6,FALSE)=0,"",VLOOKUP(B7,'비품현황표(전체)'!$A$1:$F$273,6,FALSE)) | H7: 4
A8: 7 | B8: PANCR457 | C8: Norzyme cap (pancreatin) | D8: Norzyme cap | E8: 100Cap/BTL | F8: 기밀용기, 실온(1~30℃)보관 | H8: 2
A9: 8 | B9: XCPENIR | C9: Chlorpheniramine | D9: Peniramin 4mg/2ml inj | E9: 100AMP/BOX | F9: 밀봉용기 | G9: =IF(VLOOKUP(B9,'비품현황표(전체)'!$A$1:$F$273,6,FALSE)=0,"",VLOOKUP(B9,'비품현황표(전체)'!$A$1:$F$273,6,FALSE)) | H9: 2
A10: 9 | B10: APH6ER1Y | C10: Acetaminophen ER 650mg | D10: Tramol ER 650mg tab | E10: 500TAB/BTL | F10: 밀폐용기 실온보관 | G10: =IF(VLOOKUP(B10,'비품현황표(전체)'!$A$1:$F$273,6,FALSE)=0,"",VLOOKUP(B10,'비품현황표(전체)'!$A$1:$F$273,6,FALSE)) | H10: 4
A11: 10 | B11: XTRAM50 | C11: Tramadol 50mg/ml | D11: Tridol 50mg inj | E11: 50AMP/BOX | F11: 밀봉용기, 실온(1～30℃)보관 | G11: =IF(VLOOKUP(B11,'비품현황표(전체)'!$A$1:$F$273,6,FALSE)=0,"",VLOOKUP(B11,'비품현황표(전체)'!$A$1:$F$273,6,FALSE)) | H11: 6
D12: 보유비품약 품목수 | H12: 10

Sheet 82
A1: NO | B1: 약품코드 | C1: 일반명 | D1: 영문상품명 | E1: 규격 | F1: 보관조건 | G1: 혼돈주의약품 | H1: 26.03.06
A2: 1 | B2: XAPH1 | C2: Acetaminophen 1g/100ml | D2: Acetphen 1g/100ml premix inj | E2: 1bag | F2: 실온보관(1~30℃), 밀봉용기 | H2: 2
A3: 2 | B3: XNICAR5 | C3: Binicapin 5mg/5ml inj | D3: Binicapin 5mg/5ml inj | F3: 차광, 실온(1~30℃)보관 | G3: =IF(VLOOKUP(B3,'비품현황표(전체)'!$A$1:$F$273,6,FALSE)=0,"",VLOOKUP(B3,'비품현황표(전체)'!$A$1:$F$273,6,FALSE)) | H3: 2
A4: 3 | B4: XPCMOL | C4: Denogan 1g inj | D4: Denogan 1g inj | F4: 차광밀봉용기, 1~25℃보관 | G4: =IF(VLOOKUP(B4,'비품현황표(전체)'!$A$1:$F$273,6,FALSE)=0,"",VLOOKUP(B4,'비품현황표(전체)'!$A$1:$F$273,6,FALSE)) | H4: 4
A5: 4 | B5: XDXM | C5: Dexamethasone 5mg inj | D5: Dexamethasone 5mg inj | E5: 유사발음 | F5: 차광한 밀봉용기, 실온(1 ~ 30℃) 보관 | G5: =IF(VLOOKUP(B5,'비품현황표(전체)'!$A$1:$F$273,6,FALSE)=0,"",VLOOKUP(B5,'비품현황표(전체)'!$A$1:$F$273,6,FALSE)) -> 유사발음 | H5: 2
A6: 5 | B6: XKROL | C6: Keromin 30mg Inj | D6: Keromin 30mg Inj | F6: 차광밀봉용기, 실온(1-30℃)보관 | G6: =IF(VLOOKUP(B6,'비품현황표(전체)'!$A$1:$F$273,6,FALSE)=0,"",VLOOKUP(B6,'비품현황표(전체)'!$A$1:$F$273,6,FALSE)) | H6: 3
A7: 6 | B7: XFURO | C7: Lasix 20mg inj | D7: Lasix 20mg inj | E7: 유사모양 | F7: 밀봉용기 실온보관 차광. | G7: =IF(VLOOKUP(B7,'비품현황표(전체)'!$A$1:$F$273,6,FALSE)=0,"",VLOOKUP(B7,'비품현황표(전체)'!$A$1:$F$273,6,FALSE)) -> 유사모양 | H7: 1
A8: 7 | B8: XMEXO | C8: Macperan 10mg inj | D8: Macperan 10mg inj | F8: 밀봉용기, 차광, 실온(1~30℃)보관 | G8: =IF(VLOOKUP(B8,'비품현황표(전체)'!$A$1:$F$273,6,FALSE)=0,"",VLOOKUP(B8,'비품현황표(전체)'!$A$1:$F$273,6,FALSE)) | H8: 3
A9: 8 | B9: XPANTO4 | C9: Pantoline 40mg inj | D9: Pantoline 40mg inj | F9: 차광밀봉용기, 25℃ 이하 | G9: =IF(VLOOKUP(B9,'비품현황표(전체)'!$A$1:$F$273,6,FALSE)=0,"",VLOOKUP(B9,'비품현황표(전체)'!$A$1:$F$273,6,FALSE)) | H9: 2
A10: 9 | B10: XCPENIR | C10: Peniramin 4mg/2ml inj | D10: Peniramin 4mg/2ml inj | F10: 밀봉용기 | G10: =IF(VLOOKUP(B10,'비품현황표(전체)'!$A$1:$F$273,6,FALSE)=0,"",VLOOKUP(B10,'비품현황표(전체)'!$A$1:$F$273,6,FALSE)) | H10: 2
A11: 10 | B11: XHPD | C11: Peridol 5mg inj | D11: Peridol 5mg inj | E11: 유사발음 | F11: 밀봉용기, 차광하여 실온보관 | G11: =IF(VLOOKUP(B11,'비품현황표(전체)'!$A$1:$F$273,6,FALSE)=0,"",VLOOKUP(B11,'비품현황표(전체)'!$A$1:$F$273,6,FALSE)) -> 유사발음 | H11: 1
A12: 11 | B12: XTAZOC4W | C12: Tazoractam 4.5g inj | D12: Tazoractam 4.5g inj | F12: 밀봉용기, 실온(1-30℃) 보관 | G12: =IF(VLOOKUP(B12,'비품현황표(전체)'!$A$1:$F$273,6,FALSE)=0,"",VLOOKUP(B12,'비품현황표(전체)'!$A$1:$F$273,6,FALSE)) | H12: 1
A13: 12 | B13: XTRAM50 | C13: Tridol 50mg inj | D13: Tridol 50mg inj | F13: 밀봉용기, 실온(1～30℃)보관 | G13: =IF(VLOOKUP(B13,'비품현황표(전체)'!$A$1:$F$273,6,FALSE)=0,"",VLOOKUP(B13,'비품현황표(전체)'!$A$1:$F$273,6,FALSE)) | H13: 3
D14: 보유비품약 품목수 | H14: 12

Sheet Sheet5

Sheet 91
A1: NO | B1: 약품코드 | C1: 일반명 | D1: 영문상품명 | E1: 규격 | F1: 보관조건 | G1: 혼돈주의약품 | H1: 24.03.18
A2: 1 | B2: XAPH1 | C2: Acetaminophen 1g/100ml | D2: Acetphen 1g/100ml premix inj | E2: 1bag | F2: 실온보관(1~30℃), 밀봉용기 | G2: =IF(VLOOKUP(B2,'비품현황표(전체)'!$A$1:$F$273,6,FALSE)=0,"",VLOOKUP(B2,'비품현황표(전체)'!$A$1:$F$273,6,FALSE))
A3: 2 | B3: XPALON75 | C3: Ipratropium bromide inh.soln 500mcg/2ml | D3: Aloxi 0.075mg/1.5ml inj | E3: 20AMP/BOX*54 | F3: 실온(1∼30℃)보관, 밀봉용기, 빛을 피하여 보관 | G3: =IF(VLOOKUP(B3,'비품현황표(전체)'!$A$1:$F$273,6,FALSE)=0,"",VLOOKUP(B3,'비품현황표(전체)'!$A$1:$F$273,6,FALSE)) -> 용량고주의
A4: 3 | B4: XNICAR5 | D4: Binicapin 5mg/5ml inj | F4: 차광, 실온(1~30℃)보관 | G4: =IF(VLOOKUP(B4,'비품현황표(전체)'!$A$1:$F$273,6,FALSE)=0,"",VLOOKUP(B4,'비품현황표(전체)'!$A$1:$F$273,6,FALSE))
A5: 4 | B5: XCZEDO | C5: Cefazolin 1g inj | D5: Cefazedone 1g inj | E5: 10VIA/BOX | F5: 밀봉용기, 실온보관 | G5: =IF(VLOOKUP(B5,'비품현황표(전체)'!$A$1:$F$273,6,FALSE)=0,"",VLOOKUP(B5,'비품현황표(전체)'!$A$1:$F$273,6,FALSE))
A6: 5 | B6: XCZOL1X | C6: Propacetamol 1g | D6: Cefazolin 1g inj | E6: 10VIA/BOX | F6: 밀봉용기, 실온보관 | G6: =IF(VLOOKUP(B6,'비품현황표(전체)'!$A$1:$F$273,6,FALSE)=0,"",VLOOKUP(B6,'비품현황표(전체)'!$A$1:$F$273,6,FALSE)) -> #N/A
A7: 6 | B7: XPCMOL | C7: Dexamethasone 5mg | D7: Denogan 1g inj | E7: 50AMP/BOX | F7: 차광밀봉용기, 1~25℃보관 | G7: =IF(VLOOKUP(B7,'비품현황표(전체)'!$A$1:$F$273,6,FALSE)=0,"",VLOOKUP(B7,'비품현황표(전체)'!$A$1:$F$273,6,FALSE))
A8: 7 | B8: XDXM | C8: diclofenac-β-dimethyl-aminoethanol 90mg/2ml | D8: Dexamethasone 5mg inj | E8: 50AMP/BOX | F8: 차광한 밀봉용기, 실온(1 ~ 30℃) 보관 | G8: =IF(VLOOKUP(B8,'비품현황표(전체)'!$A$1:$F$273,6,FALSE)=0,"",VLOOKUP(B8,'비품현황표(전체)'!$A$1:$F$273,6,FALSE)) -> 유사발음
A9: 8 | B9: XDICLOF | C9: Levetiracetam 500mg | D9: Dibeta-C 90mg/2ml inj | E9: 10vial/BOX | F9: 차광밀봉용기, 실온(1~30℃)보관 | G9: =IF(VLOOKUP(B9,'비품현황표(전체)'!$A$1:$F$273,6,FALSE)=0,"",VLOOKUP(B9,'비품현황표(전체)'!$A$1:$F$273,6,FALSE))
A10: 9 | B10: XLEVET500W | C10: Cefazedone 2g | D10: Epilatam 500mg inj | E10: 10VIA/BOX | F10: 밀봉용기, 실온(1~30℃)보관 | G10: =IF(VLOOKUP(B10,'비품현황표(전체)'!$A$1:$F$273,6,FALSE)=0,"",VLOOKUP(B10,'비품현황표(전체)'!$A$1:$F$273,6,FALSE)) -> 유사발음
A11: 10 | B11: XCZEDO2G | C11: Ketorolac tromethamine 30mg | D11: Fazidone 2g inj | E11: 50AMP/BOX | F11: 밀봉용기,실온(1~30℃)보관 | G11: =IF(VLOOKUP(B11,'비품현황표(전체)'!$A$1:$F$273,6,FALSE)=0,"",VLOOKUP(B11,'비품현황표(전체)'!$A$1:$F$273,6,FALSE))
A12: 11 | B12: XDILT | C12: Diltiazem 50mg inj | D12: Herben 50mg inj | E12: 10VIA/BOX | F12: 밀봉용기, 실온보존(1～30℃) | G12: =IF(VLOOKUP(B12,'비품현황표(전체)'!$A$1:$F$273,6,FALSE)=0,"",VLOOKUP(B12,'비품현황표(전체)'!$A$1:$F$273,6,FALSE))
A13: 12 | B13: XKROL | C13: Labetalol HCl 20mg inj | D13: Keromin 30mg Inj | E13: 50AMP/BOX | F13: 차광밀봉용기, 실온(1-30℃)보관 | G13: =IF(VLOOKUP(B13,'비품현황표(전체)'!$A$1:$F$273,6,FALSE)=0,"",VLOOKUP(B13,'비품현황표(전체)'!$A$1:$F$273,6,FALSE))
A14: 13 | B14: XFURO | C14: Furosemide 20mg | D14: Lasix 20mg inj | E14: 50AMP/BOX | F14: 밀봉용기 실온보관 차광. | G14: =IF(VLOOKUP(B14,'비품현황표(전체)'!$A$1:$F$273,6,FALSE)=0,"",VLOOKUP(B14,'비품현황표(전체)'!$A$1:$F$273,6,FALSE)) -> 유사모양
A15: 14 | B15: XMEXO | C15: Acetylcysteine 20% 4ml sol | D15: Macperan 10mg inj | E15: 10VIA/BOX | F15: 밀봉용기, 차광, 실온(1~30℃)보관 | G15: =IF(VLOOKUP(B15,'비품현황표(전체)'!$A$1:$F$273,6,FALSE)=0,"",VLOOKUP(B15,'비품현황표(전체)'!$A$1:$F$273,6,FALSE))
A16: 15 | B16: X20M1X | C16: NaCl 40mEq/20ml plastic amp | D16: Mannitol 20% 100ml bag대한 | E16: 50AMP/BOX | F16: 밀봉용기 | G16: =IF(VLOOKUP(B16,'비품현황표(전체)'!$A$1:$F$273,6,FALSE)=0,"",VLOOKUP(B16,'비품현황표(전체)'!$A$1:$F$273,6,FALSE))
... A18: 17 | B18: XRAMOSET | C18: Nicardipine 10mg | D18: Nasea 0.3mg inj | E18: 10AMP/BOX | F18: 밀봉용기, 차광보존, 실온(1~30℃)보관 | G18: =IF(VLOOKUP(B18,'비품현황표(전체)'!$A$1:$F$273,6,FALSE)=0,"",VLOOKUP(B18,'비품현황표(전체)'!$A$1:$F$273,6,FALSE))
A19: 18 | B19: XCPENIR | C19: Chlorpheniramine | D19: Peniramin 4mg/2ml inj | E19: 100AMP/BOX | F19: 밀봉용기
A20: 19 | B20: XPSPA | C20: Haloperidol 5mg/1ml | D20: Pentastarch 10% 500mL inj | E20: 10AMP/BOX | F20: 밀봉용기, 25℃이하, | G20: =IF(VLOOKUP(B20,'비품현황표(전체)'!$A$1:$F$273,6,FALSE)=0,"",VLOOKUP(B20,'비품현황표(전체)'!$A$1:$F$273,6,FALSE)) -> #N/A
A21: 20 | B21: XHPD | C21: Salbutamol inhalation nebule 2.5mg | D21: Peridol 5mg inj | E21: 20AMP/BOX*54 | F21: 밀봉용기, 차광하여 실온보관 | G21: =IF(VLOOKUP(B21,'비품현황표(전체)'!$A$1:$F$273,6,FALSE)=0,"",VLOOKUP(B21,'비품현황표(전체)'!$A$1:$F$273,6,FALSE)) -> 유사발음
A22: 21 | B22: XTRAM50 | D22: Tridol 50mg inj | F22: 밀봉용기, 실온(1～30℃)보관 | G22: =IF(VLOOKUP(B22,'비품현황표(전체)'!$A$1:$F$273,6,FALSE)=0,"",VLOOKUP(B22,'비품현황표(전체)'!$A$1:$F$273,6,FALSE))
D23: 보유비품약 품목수 | H23: 21

Sheet 92
A1: NO | B1: 약품코드 | C1: 일반명 | D1: 영문상품명 | E1: 규격 | F1: 보관조건 | G1: 혼돈주의약품 | H1: 25.07.18
A2: 1 | B2: XAPH1 | C2: Acetaminophen 1g/100ml | D2: Acetphen 1g/100ml premix inj | E2: 1bag | F2: 실온보관(1~30℃), 밀봉용기 | H2: 2
A3: 2 | B3: XNICAR5 | D3: Binicapin 5mg/5ml inj | F3: 차광, 실온(1~30℃)보관 | G3: =IF(VLOOKUP(B3,'비품현황표(전체)'!$A$1:$F$273,6,FALSE)=0,"",VLOOKUP(B3,'비품현황표(전체)'!$A$1:$F$273,6,FALSE)) | H3: 2
A4: 3 | B4: XCZEDO | C4: Cefazedone 1g | D4: Cefazedone 1g inj | E4: 10VIA/BOX | F4: 밀봉용기, 실온보관 | G4: =IF(VLOOKUP(B4,'비품현황표(전체)'!$A$1:$F$273,6,FALSE)=0,"",VLOOKUP(B4,'비품현황표(전체)'!$A$1:$F$273,6,FALSE)) | H4: 2
A5: 4 | B5: XCZOL1W | C5: Cefazolin 1g inj | D5: Cefazolin 1g inj | E5: 10VIA/BOX | F5: 밀봉용기, 실온보관 | G5: =IF(VLOOKUP(B5,'비품현황표(전체)'!$A$1:$F$273,6,FALSE)=0,"",VLOOKUP(B5,'비품현황표(전체)'!$A$1:$F$273,6,FALSE)) | H5: 2
A6: 5 | B6: XPCMOL | C6: Propacetamol 1g | D6: Denogan 1g inj | E6: 10VIA/BOX | F6: 차광밀봉용기, 1~25℃보관 | G6: =IF(VLOOKUP(B6,'비품현황표(전체)'!$A$1:$F$273,6,FALSE)=0,"",VLOOKUP(B6,'비품현황표(전체)'!$A$1:$F$273,6,FALSE)) | H6: 8
A7: 6 | B7: XDXM | C7: Dexamethasone 5mg | D7: Dexamethasone 5mg inj | E7: 50AMP/BOX | F7: 차광한 밀봉용기, 실온(1 ~ 30℃) 보관 | G7: =IF(VLOOKUP(B7,'비품현황표(전체)'!$A$1:$F$273,6,FALSE)=0,"",VLOOKUP(B7,'비품현황표(전체)'!$A$1:$F$273,6,FALSE)) -> 유사발음 | H7: 2
A8: 7 | B8: XDICLOF | C8: diclofenac-β-dimethyl-aminoethanol 90mg/2ml | D8: Dibeta-C 90mg/2ml inj | E8: 50AMP/BOX | F8: 차광밀봉용기, 실온(1~30℃)보관 | G8: =IF(VLOOKUP(B8,'비품현황표(전체)'!$A$1:$F$273,6,FALSE)=0,"",VLOOKUP(B8,'비품현황표(전체)'!$A$1:$F$273,6,FALSE)) | H8: 2
A9: 8 | B9: XLEVET500W | C9: Levetiracetam 500mg | D9: Epilatam 500mg inj | E9: 10vial/BOX | F9: 밀봉용기, 실온(1~30℃)보관 | G9: 유사발음 | H9: 2
A10: 9 | B10: XCZEDO2G | C10: Cefazedone 2g | D10: Fazidone 2g inj | E10: 10VIA/BOX | F10: 밀봉용기,실온(1~30℃)보관 | G10: =IF(VLOOKUP(B10,'비품현황표(전체)'!$A$1:$F$273,6,FALSE)=0,"",VLOOKUP(B10,'비품현황표(전체)'!$A$1:$F$273,6,FALSE)) | H10: 2
A11: 10 | B11: XKROL | C11: Ketorolac tromethamine 30mg | D11: Keromin 30mg Inj | E11: 50AMP/BOX | F11: 차광밀봉용기, 실온(1-30℃)보관 | G11: =IF(VLOOKUP(B11,'비품현황표(전체)'!$A$1:$F$273,6,FALSE)=0,"",VLOOKUP(B11,'비품현황표(전체)'!$A$1:$F$273,6,FALSE)) | H11: 2
A12: 11 | B12: XFURO | C12: Furosemide 20mg | D12: Lasix 20mg inj | E12: 50AMP/BOX | F12: 밀봉용기 실온보관 차광. | G12: =IF(VLOOKUP(B12,'비품현황표(전체)'!$A$1:$F$273,6,FALSE)=0,"",VLOOKUP(B12,'비품현황표(전체)'!$A$1:$F$273,6,FALSE)) -> 유사모양 | H12: 2
A13: 12 | B13: XNORE10 | C13: Norepinephrine 10mg/10ml | D13: Norpin 10mg inj | E13: 10AMP/BOX | F13: 차광밀봉용기, 실온보관(1-30) | G13: =IF(VLOOKUP(B13,'비품현황표(전체)'!$A$1:$F$273,6,FALSE)=0,"",VLOOKUP(B13,'비품현황표(전체)'!$A$1:$F$273,6,FALSE)) | H13: 3
A14: 13 | B14: XMEXO | C14: Metoclopramide | D14: Macperan 10mg inj | E14: 50AMP/BOX | F14: 밀봉용기, 차광, 실온(1~30℃)보관 | G14: =IF(VLOOKUP(B14,'비품현황표(전체)'!$A$1:$F$273,6,FALSE)=0,"",VLOOKUP(B14,'비품현황표(전체)'!$A$1:$F$273,6,FALSE)) | H14: 2
A15: 14 | B15: XCPENIR | C15: Chlorpheniramine | D15: Peniramin 4mg/2ml inj | E15: 100AMP/BOX | F15: 밀봉용기 | G15: =IF(VLOOKUP(B15,'비품현황표(전체)'!$A$1:$F$273,6,FALSE)=0,"",VLOOKUP(B15,'비품현황표(전체)'!$A$1:$F$273,6,FALSE)) | H15: 2
A16: 15 | B16: XHPD | C16: Haloperidol 5mg/1ml | D16: Peridol 5mg inj | E16: 10AMP/BOX | F16: 밀봉용기, 차광하여 실온보관 | G16: =IF(VLOOKUP(B16,'비품현황표(전체)'!$A$1:$F$273,6,FALSE)=0,"",VLOOKUP(B16,'비품현황표(전체)'!$A$1:$F$273,6,FALSE)) -> 유사발음 | H16: 2
A17: 16 | B17: XTAZOC4W | C17: Tazoractam 4.5g inj | D17: Tazoractam 4.5g inj | F17: 밀봉용기, 실온(1-30℃) 보관 | H17: 2
A18: 17 | B18: XTRAM50 | C18: Tramadol 50mg/ml | D18: Tridol 50mg inj | E18: 50AMP/BOX | F18: 밀봉용기, 실온(1～30℃)보관 | G18: =IF(VLOOKUP(B18,'비품현황표(전체)'!$A$1:$F$273,6,FALSE)=0,"",VLOOKUP(B18,'비품현황표(전체)'!$A$1:$F$273,6,FALSE)) | H18: 5
D19: 보유비품약 품목수 | H19: 17

Sheet 101
A1: NO | B1: 약품코드 | C1: 일반명 | D1: 영문상품명 | E1: 규격 | F1: 보관조건 | G1: 혼돈주의약품 | H1: 25.06.11
A2: 1 | B2: ASP1PR | C2: Aspirin enteric coated 100mg tab | D2: Aspirin protect 100mg tab | E2: 1500TAB/BOX | F2: 기밀용기, 실온(25℃이하)보관 | G2: =IF(VLOOKUP(B2,'비품현황표(전체)'!$A$1:$F$273,6,FALSE)=0,"",VLOOKUP(B2,'비품현황표(전체)'!$A$1:$F$273,6,FALSE)) | H2: 3
A3: 2 | B3: IPRAT-RS | C3: Ipratropium bromide inh.soln 500mcg/2ml | D3: Atrovent UDV 2ml/Amp | E3: 20AMP/BOX*54 | F3: 밀봉용기, 실온보관 | G3: =IF(VLOOKUP(B3,'비품현황표(전체)'!$A$1:$F$273,6,FALSE)=0,"",VLOOKUP(B3,'비품현황표(전체)'!$A$1:$F$273,6,FALSE)) -> 유사모양 | H3: 3
A4: 3 | B4: XNICAR5 | D4: Binicapin 5mg/5ml inj | F4: 차광, 실온(1~30℃)보관 | G4: =IF(VLOOKUP(B4,'비품현황표(전체)'!$A$1:$F$273,6,FALSE)=0,"",VLOOKUP(B4,'비품현황표(전체)'!$A$1:$F$273,6,FALSE)) | H4: 2
A5: 4 | B5: XAMIOD | C5: Amiodarone 150mg | D5: Cordarone 150mg/3ml inj | E5: 6AMP/BOX | F5: 밀봉용기 | G5: =IF(VLOOKUP(B5,'비품현황표(전체)'!$A$1:$F$273,6,FALSE)=0,"",VLOOKUP(B5,'비품현황표(전체)'!$A$1:$F$273,6,FALSE)) | H5: 5
A6: 5 | B6: XPCMOL | C6: Propacetamol 1g | D6: Denogan 1g inj | E6: 10VIA/BOX | F6: 차광밀봉용기, 1~25℃보관 | G6: =IF(VLOOKUP(B6,'비품현황표(전체)'!$A$1:$F$273,6,FALSE)=0,"",VLOOKUP(B6,'비품현황표(전체)'!$A$1:$F$273,6,FALSE)) | H6: 3
A7: 6 | B7: XDILT | C7: Diltiazem 50mg inj | D7: Herben 50mg inj | E7: 10VIA/BOX | F7: 밀봉용기, 실온보존(1～30℃) | G7: =IF(VLOOKUP(B7,'비품현황표(전체)'!$A$1:$F$273,6,FALSE)=0,"",VLOOKUP(B7,'비품현황표(전체)'!$A$1:$F$273,6,FALSE)) | H7: 2
A8: 7 | B8: XKROL | C8: Ketorolac tromethamine 30mg | D8: Keromin 30mg Inj | E8: 50AMP/BOX | F8: 차광밀봉용기, 실온(1-30℃)보관 | G8: =IF(VLOOKUP(B8,'비품현황표(전체)'!$A$1:$F$273,6,FALSE)=0,"",VLOOKUP(B8,'비품현황표(전체)'!$A$1:$F$273,6,FALSE)) | H8: 3
A9: 8 | B9: XFURO | C9: Furosemide 20mg | D9: Lasix 20mg inj | E9: 50AMP/BOX | F9: 밀봉용기 실온보관 차광. | G9: =IF(VLOOKUP(B9,'비품현황표(전체)'!$A$1:$F$273,6,FALSE)=0,"",VLOOKUP(B9,'비품현황표(전체)'!$A$1:$F$273,6,FALSE)) -> 유사모양 | H9: 5
A10: 9 | B10: XMEXO | C10: Metoclopramide | D10: Macperan 10mg inj | E10: 50AMP/BOX | F10: 밀봉용기, 차광, 실온(1~30℃)보관 | G10: =IF(VLOOKUP(B10,'비품현황표(전체)'!$A$1:$F$273,6,FALSE)=0,"",VLOOKUP(B10,'비품현황표(전체)'!$A$1:$F$273,6,FALSE)) | H10: 3
A11: 10 | B11: XNORE10 | C11: Norepinephrine 10mg/10ml | D11: Norpin 10mg inj | E11: 10AMP/BOX | F11: 차광밀봉용기, 실온보관(1-30) | G11: =IF(VLOOKUP(B11,'비품현황표(전체)'!$A$1:$F$273,6,FALSE)=0,"",VLOOKUP(B11,'비품현황표(전체)'!$A$1:$F$273,6,FALSE)) | H11: 3
A12: 11 | B12: XCPENIR | C12: Chlorpheniramine | D12: Peniramin 4mg/2ml inj | E12: 100AMP/BOX | F12: 밀봉용기 | H12: 2
A13: 12 | B13: XHPD | C13: Haloperidol 5mg/1ml | D13: Peridol 5mg inj | E13: 10AMP/BOX | F13: 밀봉용기, 차광하여 실온보관 | G13: =IF(VLOOKUP(B13,'비품현황표(전체)'!$A$1:$F$273,6,FALSE)=0,"",VLOOKUP(B13,'비품현황표(전체)'!$A$1:$F$273,6,FALSE)) -> 유사발음 | H13: 1
A14: 13 | B14: CLOPID | C14: Clopidogrel 75mg | D14: Plavix 75mg tab | E14: 100TAB/BTL | F14: 기밀용기, 실온보관(1~30℃) | G14: =IF(VLOOKUP(B14,'비품현황표(전체)'!$A$1:$F$273,6,FALSE)=0,"",VLOOKUP(B14,'비품현황표(전체)'!$A$1:$F$273,6,FALSE)) -> 유사모양 | H14: 3
A15: 14 | B15: APH6ER1Y | C15: Acetaminophen ER 650mg | D15: Tramol ER 650mg tab | E15: 500TAB/BTL | F15: 밀폐용기 실온보관 | G15: =IF(VLOOKUP(B15,'비품현황표(전체)'!$A$1:$F$273,6,FALSE)=0,"",VLOOKUP(B15,'비품현황표(전체)'!$A$1:$F$273,6,FALSE)) | H15: 3
A16: 15 | B16: XTRAM50 | C16: Tramadol 50mg/ml | D16: Tridol 50mg inj | E16: 50AMP/BOX | F16: 밀봉용기, 실온(1～30℃)보관 | G16: =IF(VLOOKUP(B16,'비품현황표(전체)'!$A$1:$F$273,6,FALSE)=0,"",VLOOKUP(B16,'비품현황표(전체)'!$A$1:$F$273,6,FALSE)) | H16: 3
A17: 16 | B17: XHES6MPS5 | C17: Hydroxyethylstarch/Mg/K/Na | D17: Volulyte 6% 500ml inj | E17: 20bag/box | F17: 밀봉용기, 25℃ 이하 | G17: =IF(VLOOKUP(B17,'비품현황표(전체)'!$A$1:$F$273,6,FALSE)=0,"",VLOOKUP(B17,'비품현황표(전체)'!$A$1:$F$273,6,FALSE)) | H17: 2
D18: 보유비품약 품목수 | H18: 16

Sheet 102
A1: NO | B1: 약품코드 | C1: 일반명 | D1: 영문상품명 | E1: 규격 | F1: 보관조건 | G1: 혼돈주의약품 | H1: 26.05.04
A2: 1 | B2: XAPH1 | C2: Acetaminophen 1g/100ml | D2: Acetphen 1g/100ml premix inj | E2: 1bag | F2: 실온보관(1~30℃), 밀봉용기 | H2: 3
A3: 2 | B3: XNICAR5 | D3: Binicapin 5mg/5ml inj | F3: 차광, 실온(1~30℃)보관 | G3: =IF(VLOOKUP(B3,'비품현황표(전체)'!$A$1:$F$273,6,FALSE)=0,"",VLOOKUP(B3,'비품현황표(전체)'!$A$1:$F$273,6,FALSE)) | H3: 2
A4: 3 | B4: XPCMOL | C4: Propacetamol 1g | D4: Denogan 1g inj | E4: 10VIA/BOX | F4: 차광밀봉용기, 1~25℃보관 | G4: =IF(VLOOKUP(B4,'비품현황표(전체)'!$A$1:$F$273,6,FALSE)=0,"",VLOOKUP(B4,'비품현황표(전체)'!$A$1:$F$273,6,FALSE)) | H4: 3
A5: 4 | B5: XKROL | C5: Ketorolac tromethamine 30mg | D5: Keromin 30mg Inj | E5: 50AMP/BOX | F5: 차광밀봉용기, 실온(1-30℃)보관 | G5: =IF(VLOOKUP(B5,'비품현황표(전체)'!$A$1:$F$273,6,FALSE)=0,"",VLOOKUP(B5,'비품현황표(전체)'!$A$1:$F$273,6,FALSE)) | H5: 3
A6: 5 | B6: XFURO | C6: Furosemide 20mg | D6: Lasix 20mg inj | E6: 50AMP/BOX | F6: 밀봉용기 실온보관 차광. | G6: =IF(VLOOKUP(B6,'비품현황표(전체)'!$A$1:$F$273,6,FALSE)=0,"",VLOOKUP(B6,'비품현황표(전체)'!$A$1:$F$273,6,FALSE)) -> 유사모양 | H6: 3
A7: 6 | B7: XMEXO | C7: Metoclopramide | D7: Macperan 10mg inj | E7: 50AMP/BOX | F7: 밀봉용기, 차광, 실온(1~30℃)보관 | G7: =IF(VLOOKUP(B7,'비품현황표(전체)'!$A$1:$F$273,6,FALSE)=0,"",VLOOKUP(B7,'비품현황표(전체)'!$A$1:$F$273,6,FALSE)) | H7: 2
A8: 7 | B8: XCPENIR | C8: Chlorpheniramine | D8: Peniramin 4mg/2ml inj | E8: 100AMP/BOX | F8: 밀봉용기 | G8: =IF(VLOOKUP(B8,'비품현황표(전체)'!$A$1:$F$273,6,FALSE)=0,"",VLOOKUP(B8,'비품현황표(전체)'!$A$1:$F$273,6,FALSE)) | H8: 2
A9: 8 | B9: XHPD | C9: Haloperidol 5mg/1ml | D9: Peridol 5mg inj | E9: 10AMP/BOX | F9: 밀봉용기, 차광하여 실온보관 | G9: =IF(VLOOKUP(B9,'비품현황표(전체)'!$A$1:$F$273,6,FALSE)=0,"",VLOOKUP(B9,'비품현황표(전체)'!$A$1:$F$273,6,FALSE)) -> 유사발음 | H9: 2
A10: 9 | B10: XMPD1W | D10: Predisol 125mg inj | F10: 실온보관,밀봉용기 | H10: 1
A11: 10 | B11: XAMIOD | C11: Amiodarone 150mg | D11: Cordarone 150mg/3ml inj | E11: 6AMP/BOX | F11: 밀봉용기 | G11: =IF(VLOOKUP(B12,'비품현황표(전체)'!$A$1:$F$273,6,FALSE)=0,"",VLOOKUP(B12,'비품현황표(전체)'!$A$1:$F$273,6,FALSE)) | H11: 4
A12: 11 | B12: XTRAM50 | C12: Tramadol 50mg/ml | D12: Tridol 50mg inj | E12: 50AMP/BOX | F12: 밀봉용기, 실온(1～30℃)보관 | H12: 3
D13: 보유비품약 품목수 | H13: 11

Sheet 111
A1: NO | B1: 약품코드 | C1: 일반명 | D1: 영문상품명 | E1: 규격 | F1: 보관조건 | G1: 혼돈주의약품 | H1: 24.11.07
A2: 1 | B2: XAPH1 | C2: Acetaminophen 1g/100ml | D2: Acetphen 1g/100ml premix inj | E2: 1bag | F2: 실온보관(1~30℃), 밀봉용기 | H2: 1
A3: 2 | B3: XNICAR5 | C3: nicardipine hydrochloride | D3: Binicapin 5mg/5ml inj | E3: 25AMP/BOX | F3: 차광, 실온(1~30℃)보관 | H3: 1
A4: 3 | B4: XPCMOL | C4: Propacetamol 1g | D4: Denogan 1g inj | E4: 10VIA/BOX | F4: =VLOOKUP(B4,'비품현황표(전체)'!$A6:$AT275,5,FALSE) -> 차광밀봉용기, 1~25℃보관 | G4: =IF(VLOOKUP(B4,'비품현황표(전체)'!$A$1:$F$273,6,FALSE)=0,"",VLOOKUP(B4,'비품현황표(전체)'!$A$1:$F$273,6,FALSE)) | H4: 6
A5: 4 | B5: XDICLOF | C5: diclofenac-β-dimethyl-aminoethanol 90mg/2ml | D5: Dibeta-C 90mg/2ml inj | E5: 50AMP/BOX | F5: =VLOOKUP(B5,'비품현황표(전체)'!$A7:$AT276,5,FALSE) -> 차광밀봉용기, 실온(1~30℃)보관 | G5: =IF(VLOOKUP(B5,'비품현황표(전체)'!$A$1:$F$273,6,FALSE)=0,"",VLOOKUP(B5,'비품현황표(전체)'!$A$1:$F$273,6,FALSE)) | H5: 1
A6: 5 | B6: XKROL | C6: Ketorolac tromethamine 30mg | D6: Keromin 30mg Inj | E6: 50AMP/BOX | F6: =VLOOKUP(B6,'비품현황표(전체)'!$A11:$AT278,5,FALSE) -> 차광밀봉용기, 실온(1-30℃)보관 | G6: =IF(VLOOKUP(B6,'비품현황표(전체)'!$A$1:$F$273,6,FALSE)=0,"",VLOOKUP(B6,'비품현황표(전체)'!$A$1:$F$273,6,FALSE)) | H6: 3
A7: 6 | B7: XFURO | C7: Furosemide 20mg | D7: Lasix 20mg inj | E7: 50AMP/BOX | F7: 밀봉용기 실온보관 차광. | G7: 유사모양 | H7: 1
A8: 7 | B8: XMEXO | C8: Metoclopramide | D8: Macperan 10mg inj | E8: 50AMP/BOX | F8: =VLOOKUP(B8,'비품현황표(전체)'!$A13:$AT279,5,FALSE) -> 밀봉용기, 차광, 실온(1~30℃)보관 | G8: =IF(VLOOKUP(B8,'비품현황표(전체)'!$A$1:$F$273,6,FALSE)=0,"",VLOOKUP(B8,'비품현황표(전체)'!$A$1:$F$273,6,FALSE)) | H8: 3
A9: 8 | B9: MYP-T | C9: Tropicamide/Phenylephrine oph sol | D9: Mydrin-P oph sol | E9: 10ML/BTL | F9: =VLOOKUP(B9,'비품현황표(전체)'!$A13:$AT280,5,FALSE) -> 기밀용기, 실온보관(1~30℃) | G9: =IF(VLOOKUP(B9,'비품현황표(전체)'!$A$1:$F$273,6,FALSE)=0,"",VLOOKUP(B9,'비품현황표(전체)'!$A$1:$F$273,6,FALSE)) | H9: 1
A10: 9 | B10: XCPENIR | C10: Chlorpheniramine | D10: Peniramin 4mg/2ml inj | E10: 100AMP/BOX | F10: 밀봉용기 | H10: 1
A11: 10 | B11: XTRAM50 | C11: Tramadol 50mg/ml | D11: Tridol 50mg inj | E11: 50AMP/BOX | F11: =VLOOKUP(B11,'비품현황표(전체)'!$A13:$AT282,5,FALSE) -> 밀봉용기, 실온(1～30℃)보관 | G11: =IF(VLOOKUP(B11,'비품현황표(전체)'!$A$1:$F$273,6,FALSE)=0,"",VLOOKUP(B11,'비품현황표(전체)'!$A$1:$F$273,6,FALSE)) | H11: 2
D12: 보유비품종류 | H12: 10

Sheet 112
A1: NO | B1: 약품코드 | C1: 일반명 | D1: 영문상품명 | E1: 보관조건 | F1: 혼돈주의약품 | G1: 23.02.28
A2: 1 | B2: XNICAR5 | D2: Binicapin 5mg/5ml inj | E2: 차광, 실온(1~30℃)보관 | F2: =IF(VLOOKUP(B2,'비품현황표(전체)'!$A$1:$F$273,6,FALSE)=0,"",VLOOKUP(B2,'비품현황표(전체)'!$A$1:$F$273,6,FALSE)) | G2: 2
A3: 2 | B3: XPCMOL | C3: Propacetamol 1g | D3: Denogan 1g inj | E3: 차광밀봉용기, 1~25℃보관 | F3: =IF(VLOOKUP(B3,'비품현황표(전체)'!$A$1:$F$273,6,FALSE)=0,"",VLOOKUP(B3,'비품현황표(전체)'!$A$1:$F$273,6,FALSE)) | G3: 5
A4: 3 | B4: BISA1-P | D4: Dulcolax Supp | E4: 기밀용기, 실온(1~30℃)보관 | F4: =IF(VLOOKUP(B4,'비품현황표(전체)'!$A$1:$F$273,6,FALSE)=0,"",VLOOKUP(B4,'비품현황표(전체)'!$A$1:$F$273,6,FALSE)) | G4: 2
A5: 4 | B5: SMECD-K | D5: fotaGEL susp 20ml/pkg | E5: 기밀용기, 실온보관(1-30℃) | F5: =IF(VLOOKUP(B5,'비품현황표(전체)'!$A$1:$F$273,6,FALSE)=0,"",VLOOKUP(B5,'비품현황표(전체)'!$A$1:$F$273,6,FALSE)) | G5: 2
A6: 5 | B6: XKROL | C6: Ketorolac tromethamine 30mg | D6: Keromin 30mg Inj | E6: 차광밀봉용기, 실온(1-30℃)보관 | F6: =IF(VLOOKUP(B6,'비품현황표(전체)'!$A$1:$F$273,6,FALSE)=0,"",VLOOKUP(B6,'비품현황표(전체)'!$A$1:$F$273,6,FALSE)) | G6: 5
A7: 6 | B7: XMEXO | C7: Metoclopramide | D7: Macperan 10mg inj | E7: 밀봉용기, 차광, 실온(1~30℃)보관 | F7: =IF(VLOOKUP(B7,'비품현황표(전체)'!$A$1:$F$273,6,FALSE)=0,"",VLOOKUP(B7,'비품현황표(전체)'!$A$1:$F$273,6,FALSE)) | G7: 5
A8: 7 | B8: XGPYRO | D8: Mobinul 0.2mg/1ml inj | E8: 밀봉용기, 실온(1~30℃)보관 | F8: =IF(VLOOKUP(B8,'비품현황표(전체)'!$A$1:$F$273,6,FALSE)=0,"",VLOOKUP(B8,'비품현황표(전체)'!$A$1:$F$273,6,FALSE)) | G8: 2
A9: 8 | B9: XCPENIR | C9: Chlorpheniramine | D9: Peniramin 4mg/2ml inj | E9: 밀봉용기 | F9: =IF(VLOOKUP(B9,'비품현황표(전체)'!$A$1:$F$273,6,FALSE)=0,"",VLOOKUP(B9,'비품현황표(전체)'!$A$1:$F$273,6,FALSE)) | G9: 3
A10: 9 | B10: XHPD | C10: Haloperidol 5mg/1ml | D10: Peridol 5mg inj | E10: 밀봉용기, 차광하여 실온보관 | F10: =IF(VLOOKUP(B10,'비품현황표(전체)'!$A$1:$F$273,6,FALSE)=0,"",VLOOKUP(B10,'비품현황표(전체)'!$A$1:$F$273,6,FALSE)) -> 유사발음 | G10: 5
A11: 10 | B11: XFURO | C11: Furosemide 20mg | D11: Lasix 20mg inj | E11: 밀봉용기 실온보관 차광. | F11: 유사모양 | G11: 2
A12: 11 | B12: APH6ER1Y | C12: Acetaminophen ER 650mg | D12: Tramol ER 650mg tab | E12: 밀폐용기 실온보관 | F12: =IF(VLOOKUP(B12,'비품현황표(전체)'!$A$1:$F$273,6,FALSE)=0,"",VLOOKUP(B12,'비품현황표(전체)'!$A$1:$F$273,6,FALSE)) | G12: 3
A13: 12 | B13: XTRAM50 | C13: Tramadol 50mg/ml | D13: Tridol 50mg inj | E13: 밀봉용기, 실온(1～30℃)보관 | F13: =IF(VLOOKUP(B13,'비품현황표(전체)'!$A$1:$F$273,6,FALSE)=0,"",VLOOKUP(B13,'비품현황표(전체)'!$A$1:$F$273,6,FALSE)) | G13: 5
D14: 보유비품약 품목수 | G14: 12

Sheet 121
A1: NO | B1: 약품코드 | C1: 일반명 | D1: 영문상품명 | E1: 규격 | F1: 보관조건 | G1: 혼돈주의약품 | H1: 121W
A2: 1 | B2: XHPD | C2: Haloperidol 5mg/1ml | D2: Peridol 5mg inj | E2: 10AMP/BOX | F2: =VLOOKUP(B2,'비품현황표(전체)'!$A1:$AT274,5,FALSE) -> 밀봉용기, 차광하여 실온보관 | G2: =IF(VLOOKUP(B2,'비품현황표(전체)'!$A$1:$F$273,6,FALSE)=0,"",VLOOKUP(B2,'비품현황표(전체)'!$A$1:$F$273,6,FALSE)) -> 유사발음 | H2: 5
D3: 보유비품종류 | H3: 1

Sheet SICU
A1: NO | B1: 약품코드 | C1: 일반명 | D1: 영문상품명 | E1: 규격 | F1: 보관조건 | G1: 혼돈주의약품 | H1: 25.07.28
A2: 1 | B2: XAPH1 | C2: Acetaminophen 1g/100ml | D2: Acetphen 1g/100ml premix inj | E2: 1bag | F2: 실온보관(1~30℃), 밀봉용기 | G2: =IF(VLOOKUP(B2,'비품현황표(전체)'!$A$1:$F$273,6,FALSE)=0,"",VLOOKUP(B2,'비품현황표(전체)'!$A$1:$F$273,6,FALSE)) | H2: 3
A3: 2 | B3: XNICAR5 | D3: Binicapin 5mg/5ml inj | F3: 차광, 실온(1~30℃)보관 | G3: =IF(VLOOKUP(B3,'비품현황표(전체)'!$A$1:$F$273,6,FALSE)=0,"",VLOOKUP(B3,'비품현황표(전체)'!$A$1:$F$273,6,FALSE)) | H3: 10
A4: 3 | B4: XEMOL1 | C4: Esmolol HCl 100mg | D4: Brevibloc 100mg inj | E4: 20VIA/BOX | F4: 실온보관 | G4: =IF(VLOOKUP(B4,'비품현황표(전체)'!$A$1:$F$273,6,FALSE)=0,"",VLOOKUP(B4,'비품현황표(전체)'!$A$1:$F$273,6,FALSE)) | H4: 2
A5: 4 | B5: XCAGL | C5: Calcium gluconate 9.29mEq/amp | D5: Calcium gluconate 2g inj | E5: 50AMP/BOX | F5: 밀봉용기, 실온(1 - 30℃)보관 | G5: =IF(VLOOKUP(B5,'비품현황표(전체)'!$A$1:$F$273,6,FALSE)=0,"",VLOOKUP(B5,'비품현황표(전체)'!$A$1:$F$273,6,FALSE)) | H5: 3
A6: 5 | B6: XAMIOD | C6: Amiodarone 150mg | D6: Cordarone 150mg/3ml inj | E6: 6AMP/BOX | F6: 밀봉용기 | H6: 5
A7: 6 | B7: XPCMOL | C7: Propacetamol 1g | D7: Denogan 1g inj | E7: 10VIA/BOX | F7: 차광밀봉용기, 1~25℃보관 | G7: =IF(VLOOKUP(B7,'비품현황표(전체)'!$A$1:$F$273,6,FALSE)=0,"",VLOOKUP(B7,'비품현황표(전체)'!$A$1:$F$273,6,FALSE)) | H7: 5
A8: 7 | B8: XDXM | C8: Dexamethasone 5mg | D8: Dexamethasone 5mg inj | E8: 50AMP/BOX | F8: 차광한 밀봉용기, 실온(1 ~ 30℃) 보관 | G8: =IF(VLOOKUP(B8,'비품현황표(전체)'!$A$1:$F$273,6,FALSE)=0,"",VLOOKUP(B8,'비품현황표(전체)'!$A$1:$F$273,6,FALSE)) -> 유사발음 | H8: 2
A9: 8 | B9: XDGX | C9: Digoxin 0.25mg/1ml | D9: Digoxin 0.25mg inj | E9: 10AMP/BOX | F9: 밀봉용기 | G9: =IF(VLOOKUP(B9,'비품현황표(전체)'!$A$1:$F$273,6,FALSE)=0,"",VLOOKUP(B9,'비품현황표(전체)'!$A$1:$F$273,6,FALSE)) | H9: 1
A10: 9 | B10: XDOB5D2 | C10: Dobutamine/D5W 500mg/250ml bag | D10: DOBUTamine/D5W 500mg/250ml bag | E10: 20BAG/BOX | F10: 밀봉용기, 25℃이하에서 보관 | G10: =IF(VLOOKUP(B10,'비품현황표(전체)'!$A$1:$F$273,6,FALSE)=0,"",VLOOKUP(B10,'비품현황표(전체)'!$A$1:$F$273,6,FALSE)) -> 유사발음 | H10: 1
A11: 10 | B11: XDOPA4D2 | C11: Dopamine/D5W 400mg/200ml bag | D11: DOPamine/D5W 400mg/200ml bag CJ | E11: 30BAG/BOX | F11: 밀봉용기, 실온(1-30℃)보관 | G11: =IF(VLOOKUP(B11,'비품현황표(전체)'!$A$1:$F$273,6,FALSE)=0,"",VLOOKUP(B11,'비품현황표(전체)'!$A$1:$F$273,6,FALSE)) -> 유사발음 | H11: 3
A12: 11 | B12: XDOB250 | C12: Dobutamine 250mg Inj | D12: Doburan 250mg/5ml Inj | E12: 10 AMP/BOX | F12: 밀봉용기, 상온(15 ~ 25℃)보관 | H12: 4
A13: 12 | B13: XEPIN | C13: Epinephrine HCl 1mg | D13: Epinephrine 1mg/1ml inj | E13: 50AMP/BOX | F13: 차광밀봉용기, 25℃이하 보관, 냉장보관하지 말 것. | G13: =IF(VLOOKUP(B13,'비품현황표(전체)'!$A$1:$F$273,6,FALSE)=0,"",VLOOKUP(B13,'비품현황표(전체)'!$A$1:$F$273,6,FALSE)) -> 유사발음 | H13: 20
A14: 13 | B14: XROCU50 | C14: Esmeron 50mg/5ml inj | D14: Esmeron 50mg/5ml inj | E14: 10 VIAL/BOX | F14: 밀봉용기, 2-8℃보관 | G14: =IF(VLOOKUP(B14,'비품현황표(전체)'!$A$1:$F$273,6,FALSE)=0,"",VLOOKUP(B14,'비품현황표(전체)'!$A$1:$F$273,6,FALSE)) -> 고위험의약품 | H14: 1
A15: 14 | B15: MUPIR1Y-O | D15: Esroban 10g oint | F15: 기밀용기, 실온(1~30℃)보관 | H15: 1
A16: 15 | B16: XNFMOS50 | C16: Nafamostat 50mg | D16: Futhan 50mg inj | E16: 10VIA/BOX | F16: 차광, 밀봉용기, 실온(1-30℃)보관 | G16: =IF(VLOOKUP(B16,'비품현황표(전체)'!$A$1:$F$273,6,FALSE)=0,"",VLOOKUP(B16,'비품현황표(전체)'!$A$1:$F$273,6,FALSE)) | H16: 4
A17: 16 | B17: XHEPAR1 | C17: Heparin sodium 20000IU/20ml | D17: Heparin sod. 20000IU/20ml inj 중외 | E17: 10VIA/BOX | F17: 차광한 밀봉용기 | G17: =IF(VLOOKUP(B17,'비품현황표(전체)'!$A$1:$F$273,6,FALSE)=0,"",VLOOKUP(B17,'비품현황표(전체)'!$A$1:$F$273,6,FALSE)) -> 고위험의약품 | H17: 2
A18: 17 | B18: XHEP100PM | C18: Heparin sodium 100IU/ml | D18: Heparin sodium inj 100IU/ml | E18: 10VIAL/BOX | F18: 차광밀봉용기, 실온(1~30℃)보관 | G18: =IF(VLOOKUP(B18,'비품현황표(전체)'!$A$1:$F$273,6,FALSE)=0,"",VLOOKUP(B18,'비품현황표(전체)'!$A$1:$F$273,6,FALSE)) -> 고위험의약품 | H18: 2
A19: 18 | B19: XHEPAR15 | D19: HEPARIN sod. 5000iu/5ml inj | F19: 차광한 밀봉용기 | G19: 고위험의약품 | H19: 2
A20: 19 | B20: XDILT | C20: Diltiazem 50mg inj | D20: Herben 50mg inj | E20: 10VIA/BOX | F20: 밀봉용기, 실온보존(1～30℃) | G20: =IF(VLOOKUP(B20,'비품현황표(전체)'!$A$1:$F$273,6,FALSE)=0,"",VLOOKUP(B20,'비품현황표(전체)'!$A$1:$F$273,6,FALSE)) | H20: 2
A21: 20 | B21: XKROL | C21: Ketorolac tromethamine 30mg | D21: Keromin 30mg Inj | E21: 50AMP/BOX | F21: 차광밀봉용기, 실온(1-30℃)보관 | G21: =IF(VLOOKUP(B21,'비품현황표(전체)'!$A$1:$F$273,6,FALSE)=0,"",VLOOKUP(B21,'비품현황표(전체)'!$A$1:$F$273,6,FALSE)) | H21: 5
A22: 21 | B22: XLABETA20 | C22: Labetalol HCl 20mg inj | D22: Labesin 20mg/4ml inj | E22: 50AMP/BOX | F22: 차광밀봉용기, 실온보관 | G22: =IF(VLOOKUP(B22,'비품현황표(전체)'!$A$1:$F$273,6,FALSE)=0,"",VLOOKUP(B22,'비품현황표(전체)'!$A$1:$F$273,6,FALSE)) | H22: 5
A23: 22 | B23: HCORT1-LT | D23: Lacticare HC lotion1% 118g | F23: 기밀용기, 실온(1~30℃)보관 | H23: 1
A24: 23 | B24: XFURO | C24: Furosemide 20mg | D24: Lasix 20mg inj | E24: 50AMP/BOX | F24: 밀봉용기 실온보관 차광. | G24: =IF(VLOOKUP(B24,'비품현황표(전체)'!$A$1:$F$273,6,FALSE)=0,"",VLOOKUP(B24,'비품현황표(전체)'!$A$1:$F$273,6,FALSE)) -> 유사모양 | H24: 5
A25: 24 | B25: XMEXO | C25: Metoclopramide | D25: Macperan 10mg inj | E25: 50AMP/BOX | F25: 밀봉용기, 차광, 실온(1~30℃)보관 | G25: =IF(VLOOKUP(B25,'비품현황표(전체)'!$A$1:$F$273,6,FALSE)=0,"",VLOOKUP(B25,'비품현황표(전체)'!$A$1:$F$273,6,FALSE)) | H25: 5
A26: 25 | B26: XMGSF10 | C26: MgSO4 10% 20ml | D26: Magnesium sulfate 10% 20ml inj | E26: 50AMP/BOX | F26: 밀봉용기, 실온(1∼30℃)보관 | G26: =IF(VLOOKUP(B26,'비품현황표(전체)'!$A$1:$F$273,6,FALSE)=0,"",VLOOKUP(B26,'비품현황표(전체)'!$A$1:$F$273,6,FALSE)) | H26: 3
A27: 26 | B27: X20M1X | C27: Mannitol(D-) 20% 100ml | D27: Mannitol 20% 100ml bag대한 | E27: 50BAG/BOX | F27: 밀봉용기 | H27: 3
A28: 27 | B28: XNA40 | C28: NaCl 40mEq/20ml plastic amp | D28: NaCl 40mEq/20ml | E28: 50AMP/BOX | F28: 밀봉용기, 실온(1~30℃)보관 | G28: =IF(VLOOKUP(B28,'비품현황표(전체)'!$A$1:$F$273,6,FALSE)=0,"",VLOOKUP(B28,'비품현황표(전체)'!$A$1:$F$273,6,FALSE)) | H28: 5
A29: 28 | B29: XNICAR2 | C29: nicardipine hydrochloride 20㎎/20㎖ | D29: Nicardipine inj (HUONS) | F29: 차광하여 밀봉용기에 보관, 실온(1~30℃)보관 | G29: =IF(VLOOKUP(B29,'비품현황표(전체)'!$A$1:$F$273,6,FALSE)=0,"",VLOOKUP(B29,'비품현황표(전체)'!$A$1:$F$273,6,FALSE)) | H29: 10
A30: 29 | B30: XNITR10F | C30: Nitroglycerin 10mg | D30: Nitrolingual 10mg inj | E30: 10 AMP/BOX | F30: 밀봉용기, 실온보관 | G30: =IF(VLOOKUP(B30,'비품현황표(전체)'!$A$1:$F$273,6,FALSE)=0,"",VLOOKUP(B30,'비품현황표(전체)'!$A$1:$F$273,6,FALSE)) -> 유사모양 | H30: 5
A31: 30 | B31: XNORE10 | C31: Norepinephrine 10mg/10ml | D31: Norpin 10mg inj | E31: 10AMP/BOX | F31: 차광밀봉용기, 실온보관(1-30) | G31: =IF(VLOOKUP(B31,'비품현황표(전체)'!$A$1:$F$273,6,FALSE)=0,"",VLOOKUP(B31,'비품현황표(전체)'!$A$1:$F$273,6,FALSE)) | H31: 5
A32: 31 | B32: XNICAR | C32: Nicardipine 10mg | D32: Perdipine 10mg inj | E32: 10AMP/BOX | F32: 차광,실온보관 | G32: =IF(VLOOKUP(B32,'비품현황표(전체)'!$A$1:$F$273,6,FALSE)=0,"",VLOOKUP(B32,'비품현황표(전체)'!$A$1:$F$273,6,FALSE)) -> 유사모양 | H32: 10
A33: 32 | B33: XHPD | C33: Haloperidol 5mg/1ml | D33: Peridol 5mg inj | E33: 10AMP/BOX | F33: 밀봉용기, 차광하여 실온보관 | G33: =IF(VLOOKUP(B33,'비품현황표(전체)'!$A$1:$F$273,6,FALSE)=0,"",VLOOKUP(B33,'비품현황표(전체)'!$A$1:$F$273,6,FALSE)) -> 유사발음 | H33: 3
A34: 33 | B34: XKPHMB | C34: Potassium phosphate monobasic 20ml inj | D34: Phosten 20ml inj | E34: 50AMP/BOX | F34: 밀봉용기, 15-30℃에서 보관 | G34: =IF(VLOOKUP(B34,'비품현황표(전체)'!$A$1:$F$273,6,FALSE)=0,"",VLOOKUP(B34,'비품현황표(전체)'!$A$1:$F$273,6,FALSE)) | H34: 3
A35: 34 | B35: XPROT | C35: Protamine 50mg | D35: Protamine sulfate 50mg inj | E35: 5AMP/BOX | F35: 밀봉용기, 실온보존 | G35: =IF(VLOOKUP(B35,'비품현황표(전체)'!$A$1:$F$273,6,FALSE)=0,"",VLOOKUP(B35,'비품현황표(전체)'!$A$1:$F$273,6,FALSE)) | H35: 2
A36: 35 | B36: XNB84 | C36: NaHCO3 8.4% 20ml amp | D36: Sod.bicarbonate 8.4% 20ml inj | E36: 50AMP/BOX | F36: 밀봉용기, 실온보관(1~30℃) | G36: =IF(VLOOKUP(B36,'비품현황표(전체)'!$A$1:$F$273,6,FALSE)=0,"",VLOOKUP(B36,'비품현황표(전체)'!$A$1:$F$273,6,FALSE)) | H36: 30
A37: 36 | B37: XTRAM50 | C37: Tramadol 50mg/ml | D37: Tridol 50mg inj | E37: 50AMP/BOX | F37: 밀봉용기, 실온(1～30℃)보관 | G37: =IF(VLOOKUP(B37,'비품현황표(전체)'!$A$1:$F$273,6,FALSE)=0,"",VLOOKUP(B37,'비품현황표(전체)'!$A$1:$F$273,6,FALSE)) | H37: 5
A38: 37 | B38: XDOPA4 | C38: Dopamine HCl 400mg | D38: Tropin 400mg inj | E38: 5AMP/BOX | F38: 차광한 밀봉용기 | G38: =IF(VLOOKUP(B38,'비품현황표(전체)'!$A$1:$F$273,6,FALSE)=0,"",VLOOKUP(B38,'비품현황표(전체)'!$A$1:$F$273,6,FALSE)) | H38: 2
A39: 38 | B39: XADH | C39: Vasopressin 20u | D39: Vasopressin 20u inj | E39: 10AMP/BOX | F39: 동결을 피하여 냉소보존(15℃이하), 밀봉용기 | G39: =IF(VLOOKUP(B39,'비품현황표(전체)'!$A$1:$F$273,6,FALSE)=0,"",VLOOKUP(B39,'비품현황표(전체)'!$A$1:$F$273,6,FALSE)) | H39: 5
A40: 39 | B40: XVECUR10Y | C40: Vecuronium bromide 10mg | D40: Vecaron 10mg inj | E40: 10VIAL/BOX | F40: 밀봉용기 25℃ 이하에서 보관 | G40: =IF(VLOOKUP(B40,'비품현황표(전체)'!$A$1:$F$273,6,FALSE)=0,"",VLOOKUP(B40,'비품현황표(전체)'!$A$1:$F$273,6,FALSE)) | H40: 5
A41: 40 | B41: XK1 | C41: Phytonadione 10mg | D41: Vitamin K1 10mg/1ml inj | E41: 50AMP/BOX | F41: 밀봉용기, 차광보존 | G41: =IF(VLOOKUP(B41,'비품현황표(전체)'!$A$1:$F$273,6,FALSE)=0,"",VLOOKUP(B41,'비품현황표(전체)'!$A$1:$F$273,6,FALSE)) | H41: 2
A42: 41 | B42: XHES6MPS5 | C42: Hydroxyethylstarch/Mg/K/Na | D42: Volulyte 6% 500ml inj | F42: 밀봉용기, 25℃ 이하 | H42: 5
D43: 보유비품약 품목수 | H43: 41

Sheet MICU
A1: NO | B1: 약품코드 | C1: 일반명 | D1: 영문상품명 | E1: 규격 | F1: 보관조건 | G1: 혼돈주의약품 | H1: 26.05.22
A2: 1 | B2: XAPH1 | C2: Acetaminophen 1g/100ml | D2: Acetphen 1g/100ml premix inj | E2: 1bag | F2: 실온보관(1~30℃), 밀봉용기 | G2: =IF(VLOOKUP(B2,'비품현황표(전체)'!$A$1:$F$273,6,FALSE)=0,"",VLOOKUP(B2,'비품현황표(전체)'!$A$1:$F$273,6,FALSE)) | H2: 3
A3: 2 | B3: XADENO6 | C3: Adenosine 6mg | D3: Adenocor 6mg/2ml inj | E3: 6VIAL/BOX | F3: 밀봉용기 | G3: =IF(VLOOKUP(B3,'비품현황표(전체)'!$A$1:$F$273,6,FALSE)=0,"",VLOOKUP(B3,'비품현황표(전체)'!$A$1:$F$273,6,FALSE)) | H3: 5
A4: 3 | B4: XNICAR5 | D4: Binicapin 5mg/5ml inj | F4: 차광, 실온(1~30℃)보관 | G4: =IF(VLOOKUP(B4,'비품현황표(전체)'!$A$1:$F$273,6,FALSE)=0,"",VLOOKUP(B4,'비품현황표(전체)'!$A$1:$F$273,6,FALSE)) | H4: 2
A5: 4 | B5: XEMOL1 | C5: Esmolol HCl 100mg | D5: Brevibloc 100mg inj | E5: 20VIA/BOX | F5: 실온보관 | G5: =IF(VLOOKUP(B5,'비품현황표(전체)'!$A$1:$F$273,6,FALSE)=0,"",VLOOKUP(B5,'비품현황표(전체)'!$A$1:$F$273,6,FALSE)) | H5: 2
A6: 5 | B6: XCAGL | C6: Calcium gluconate 9.29mEq/amp | D6: Calcium gluconate 2g inj | E6: 50AMP/BOX | F6: 밀봉용기, 실온(1 - 30℃)보관 | G6: =IF(VLOOKUP(B6,'비품현황표(전체)'!$A$1:$F$273,6,FALSE)=0,"",VLOOKUP(B6,'비품현황표(전체)'!$A$1:$F$273,6,FALSE)) | H6: 5
A7: 6 | B7: XAMIOD | C7: Amiodarone 150mg | D7: Cordarone 150mg/3ml inj | E7: 6AMP/BOX | F7: 밀봉용기 | G7: =IF(VLOOKUP(B7,'비품현황표(전체)'!$A$1:$F$273,6,FALSE)=0,"",VLOOKUP(B7,'비품현황표(전체)'!$A$1:$F$273,6,FALSE)) | H7: 4
A8: 7 | B8: XPCMOL | C8: Propacetamol 1g | D8: Denogan 1g inj | E8: 10VIA/BOX | F8: 차광밀봉용기, 1~25℃보관 | G8: =IF(VLOOKUP(B8,'비품현황표(전체)'!$A$1:$F$273,6,FALSE)=0,"",VLOOKUP(B8,'비품현황표(전체)'!$A$1:$F$273,6,FALSE)) | H8: 5
A9: 8 | B9: XDOB250 | C9: Dobutamine 250mg Inj | D9: Doburan 250mg/5ml Inj | E9: 10 AMP/BOX | F9: 밀봉용기, 상온(15 ~ 25℃)보관 | G9: =IF(VLOOKUP(B9,'비품현황표(전체)'!$A$1:$F$273,6,FALSE)=0,"",VLOOKUP(B9,'비품현황표(전체)'!$A$1:$F$273,6,FALSE)) | H9: 8
A10: 9 | B10: XDOB5D2 | C10: Dobutamine/D5W 500mg/250ml bag | D10: DOBUTamine/D5W 500mg/250ml bag | E10: 20BAG/BOX | F10: 밀봉용기, 25℃이하에서 보관 | G10: =IF(VLOOKUP(B10,'비품현황표(전체)'!$A$1:$F$273,6,FALSE)=0,"",VLOOKUP(B10,'비품현황표(전체)'!$A$1:$F$273,6,FALSE)) -> 유사발음 | H10: 2
A11: 10 | B11: XDOPA4D2 | C11: Dopamine/D5W 400mg/200ml bag | D11: DOPamine/D5W 400mg/200ml bag CJ | E11: 30BAG/BOX | F11: 밀봉용기, 실온(1-30℃)보관 | G11: =IF(VLOOKUP(B11,'비품현황표(전체)'!$A$1:$F$273,6,FALSE)=0,"",VLOOKUP(B11,'비품현황표(전체)'!$A$1:$F$273,6,FALSE)) -> 유사발음 | H11: 3
A12: 11 | B12: XEPIN | C12: Epinephrine HCl 1mg | D12: Epinephrine 1mg/1ml inj | E12: 50AMP/BOX | F12: 차광밀봉용기, 25℃이하 보관, 냉장보관하지 말 것. | G12: =IF(VLOOKUP(B12,'비품현황표(전체)'!$A$1:$F$273,6,FALSE)=0,"",VLOOKUP(B12,'비품현황표(전체)'!$A$1:$F$273,6,FALSE)) -> 유사발음 | H12: 20
A13: 12 | B13: XROCU50 | C13: Esmeron 50mg/5ml inj | D13: Esmeron 50mg/5ml inj | E13: 10 VIAL/BOX | F13: 밀봉용기, 2-8℃보관 | G13: =IF(VLOOKUP(B13,'비품현황표(전체)'!$A$1:$F$273,6,FALSE)=0,"",VLOOKUP(B13,'비품현황표(전체)'!$A$1:$F$273,6,FALSE)) -> 고위험의약품 | H13: 1
A14: 13 | B14: XFLUMA3 | C14: Flumazenil 0.3mg | D14: Flunil 0.3mg/3ml inj | E14: 5AMP/BOX | F14: 밀봉용기, 30℃이하 보관 | G14: =IF(VLOOKUP(B14,'비품현황표(전체)'!$A$1:$F$273,6,FALSE)=0,"",VLOOKUP(B14,'비품현황표(전체)'!$A$1:$F$273,6,FALSE)) | H14: 2
A15: 14 | B15: XNFMOS50 | C15: Nafamostat 50mg | D15: Futhan 50mg inj | E15: 10VIA/BOX | F15: 차광, 밀봉용기, 실온(1-30℃)보관 | G15: =IF(VLOOKUP(B15,'비품현황표(전체)'!$A$1:$F$273,6,FALSE)=0,"",VLOOKUP(B15,'비품현황표(전체)'!$A$1:$F$273,6,FALSE)) | H15: 4
A16: 15 | B16: XHEPAR5 | C16: Heparin sodium 25000u | D16: Heparin sod. 25000IU/5ml inj | E16: 10VIA/BOX | F16: 밀봉용기, 실온보존 | G16: =IF(VLOOKUP(B16,'비품현황표(전체)'!$A$1:$F$273,6,FALSE)=0,"",VLOOKUP(B16,'비품현황표(전체)'!$A$1:$F$273,6,FALSE)) -> 고위험의약품 | H16: 3
... A22: 21 | B22: XNaK20 | C22: Normal saline 100ml+KCl 20mEq | D22: NaKCl (20meq/100ml) | E22: 20BTL/BOX | F22: 밀봉용기, 실온(1~30℃)보관 | G22: =IF(VLOOKUP(B22,'비품현황표(전체)'!$A$1:$F$273,6,FALSE)=0,"",VLOOKUP(B22,'비품현황표(전체)'!$A$1:$F$273,6,FALSE)) -> #N/A | H22: 3
A23: 22 | B23: XNITR10F | C23: Nitroglycerin 10mg | D23: Nitrolingual 10mg inj | E23: 10 AMP/BOX | F23: 밀봉용기, 실온보관 | G23: 유사모양 | H23: 3
A24: 23 | B24: XNORE10 | C24: Norepinephrine 10mg/10ml | D24: Norpin 10mg inj | E24: 10AMP/BOX | F24: 차광밀봉용기, 실온보관(1-30) | G24: =IF(VLOOKUP(B24,'비품현황표(전체)'!$A$1:$F$273,6,FALSE)=0,"",VLOOKUP(B24,'비품현황표(전체)'!$A$1:$F$273,6,FALSE)) | H24: 10
A25: 24 | B25: XPANTO4 | C25: Pantoprazole 40mg inj. | D25: Pantoline 40mg inj | E25: 1VIAL/BOX | F25: 차광밀봉용기, 25℃ 이하 | G25: =IF(VLOOKUP(B25,'비품현황표(전체)'!$A$1:$F$273,6,FALSE)=0,"",VLOOKUP(B25,'비품현황표(전체)'!$A$1:$F$273,6,FALSE)) | H25: 5
A26: 25 | B26: XCPENIR | C26: Chlorpheniramine | D26: Peniramin 4mg/2ml inj | E26: 100AMP/BOX | F26: 밀봉용기 | G26: =IF(VLOOKUP(B26,'비품현황표(전체)'!$A$1:$F$273,6,FALSE)=0,"",VLOOKUP(B26,'비품현황표(전체)'!$A$1:$F$273,6,FALSE)) | H26: 2
A27: 26 | B27: XHPD | C27: Haloperidol 5mg/1ml | D27: Peridol 5mg inj | E27: 10AMP/BOX | F27: 밀봉용기, 차광하여 실온보관 | G27: =IF(VLOOKUP(B27,'비품현황표(전체)'!$A$1:$F$273,6,FALSE)=0,"",VLOOKUP(B27,'비품현황표(전체)'!$A$1:$F$273,6,FALSE)) -> 유사발음 | H27: 2
A28: 27 | B28: XKPHMB | C28: Potassium phosphate monobasic 20ml inj | D28: Phosten 20ml inj | E28: 50AMP/BOX | F28: 밀봉용기, 15-30℃에서 보관 | G28: =IF(VLOOKUP(B28,'비품현황표(전체)'!$A$1:$F$273,6,FALSE)=0,"",VLOOKUP(B28,'비품현황표(전체)'!$A$1:$F$273,6,FALSE)) | H28: 5
A29: 28 | B29: XNB84 | C29: NaHCO3 8.4% 20ml amp | D29: Sod.bicarbonate 8.4% 20ml inj | E29: 50AMP/BOX | F29: 밀봉용기, 실온보관(1~30℃) | G29: =IF(VLOOKUP(B29,'비품현황표(전체)'!$A$1:$F$273,6,FALSE)=0,"",VLOOKUP(B29,'비품현황표(전체)'!$A$1:$F$273,6,FALSE)) | H29: 10
A30: 29 | B30: XTRANEX5 | D30: Tranexamic acid 500mg/5ml inj | F30: 밀봉용기, 실온(1～30℃)보관 | G30: =IF(VLOOKUP(B30,'비품현황표(전체)'!$A$1:$F$273,6,FALSE)=0,"",VLOOKUP(B30,'비품현황표(전체)'!$A$1:$F$273,6,FALSE)) | H30: 3
A31: 30 | B31: XTRAM50 | C31: Tramadol 50mg/ml | D31: Tridol 50mg inj | E31: 50AMP/BOX | F31: 밀봉용기, 실온(1～30℃)보관 | G31: =IF(VLOOKUP(B31,'비품현황표(전체)'!$A$1:$F$273,6,FALSE)=0,"",VLOOKUP(B31,'비품현황표(전체)'!$A$1:$F$273,6,FALSE)) | H31: 3
A32: 31 | B32: XDOPA4 | C32: Dopamine HCl 400mg | D32: Tropin 400mg inj | E32: 5AMP/BOX | F32: 차광한 밀봉용기 | G32: =IF(VLOOKUP(B32,'비품현황표(전체)'!$A$1:$F$273,6,FALSE)=0,"",VLOOKUP(B32,'비품현황표(전체)'!$A$1:$F$273,6,FALSE)) | H32: 6
A33: 32 | B33: XADH | C33: Vasopressin 20u | D33: Vasopressin 20u inj | E33: 10AMP/BOX | F33: 동결을 피하여 냉소보존(15℃이하), 밀봉용기 | G33: =IF(VLOOKUP(B33,'비품현황표(전체)'!$A$1:$F$273,6,FALSE)=0,"",VLOOKUP(B33,'비품현황표(전체)'!$A$1:$F$273,6,FALSE)) | H33: 5
D34: 보유비품약 품목수 | H34: 32

Sheet AN
A1: NO | B1: 약품코드 | C1: 일반명 | D1: 영문상품명 | E1: 규격 | F1: 보관조건 | G1: 혼돈주의약품 | H1: 26.06.17
A2: 1 | B2: XAPH1 | D2: Acetphen 1g/100ml premix inj | F2: 실온보관(1~30℃), 밀봉용기 | G2: =IF(VLOOKUP(B2,'비품현황표(전체)'!$A$1:$F$273,6,FALSE)=0,"",VLOOKUP(B2,'비품현황표(전체)'!$A$1:$F$273,6,FALSE)) | H2: 50
A3: 2 | B3: XNEFOP20 | D3: Acupan 20mg/2mL inj | F3: 밀봉용기, 실온(1～30℃)보관 | G3: =IF(VLOOKUP(B3,'비품현황표(전체)'!$A$1:$F$273,6,FALSE)=0,"",VLOOKUP(B3,'비품현황표(전체)'!$A$1:$F$273,6,FALSE)) | H3: 30
A4: 3 | B4: XADENO6 | C4: Adenosine 6mg | D4: Adenocor 6mg/2ml inj | E4: 6VIAL/BOX | F4: 밀봉용기 | G4: =IF(VLOOKUP(B4,'비품현황표(전체)'!$A$1:$F$273,6,FALSE)=0,"",VLOOKUP(B4,'비품현황표(전체)'!$A$1:$F$273,6,FALSE)) | H4: 4
A5: 4 | B5: XPALON75 | C5: Palonosetron 0.075mg/1.5ml | D5: Aloxi 0.075mg/1.5ml inj | E5: 5vial/BOX | F5: 실온(1∼30℃)보관, 밀봉용기, 차광보관 | G5: =IF(VLOOKUP(B5,'비품현황표(전체)'!$A$1:$F$273,6,FALSE)=0,"",VLOOKUP(B5,'비품현황표(전체)'!$A$1:$F$273,6,FALSE)) -> 용량고주의 | H5: 20
A6: 5 | B6: X20AL1S | C6: Albumin 20% 100ml(SK) | D6: Albumin(SK) 20% 100ml inj | F6: 밀봉용기, 30℃이하에서 동결을 피하여 보관 | G6: =IF(VLOOKUP(B6,'비품현황표(전체)'!$A$1:$F$273,6,FALSE)=0,"",VLOOKUP(B6,'비품현황표(전체)'!$A$1:$F$273,6,FALSE)) -> 용량고주의 | H6: 2
A7: 6 | B7: XATRO | C7: Atropine sulfate 0.5mg | D7: Atropine sulfate 0.5mg/1ml inj | E7: 50AMP/BOX | F7: 차광밀봉용기, 실온(1-30℃)보관 | G7: =IF(VLOOKUP(B7,'비품현황표(전체)'!$A$1:$F$273,6,FALSE)=0,"",VLOOKUP(B7,'비품현황표(전체)'!$A$1:$F$273,6,FALSE)) | H7: 44
A8: 7 | B8: IPRAT-RS | C8: Ipratropium bromide inh.soln 500mcg/2ml | D8: Atrovent UDV 2ml/Amp | E8: 20AMP/BOX*54 | F8: 밀봉용기, 실온보관 | G8: =IF(VLOOKUP(B8,'비품현황표(전체)'!$A$1:$F$273,6,FALSE)=0,"",VLOOKUP(B8,'비품현황표(전체)'!$A$1:$F$273,6,FALSE)) -> 유사모양 | H8: 2
A9: 8 | B9: XNICAR5 | D9: Binicapin 5mg/5ml inj | F9: 차광, 실온(1~30℃)보관 | G9: =IF(VLOOKUP(B9,'비품현황표(전체)'!$A$1:$F$273,6,FALSE)=0,"",VLOOKUP(B9,'비품현황표(전체)'!$A$1:$F$273,6,FALSE)) | H9: 20
A10: 9 | B10: XEMOL1 | C10: Esmolol HCl 100mg | D10: Brevibloc 100mg inj | E10: 20VIA/BOX | F10: 실온보관 | G10: =IF(VLOOKUP(B10,'비품현황표(전체)'!$A$1:$F$273,6,FALSE)=0,"",VLOOKUP(B10,'비품현황표(전체)'!$A$1:$F$273,6,FALSE)) | H10: 20
A11: 10 | B11: XCAGL | C11: Calcium gluconate 9.29mEq/amp | D11: Calcium gluconate 2g inj | E11: 50AMP/BOX | F11: 밀봉용기, 실온(1 - 30℃)보관 | G11: =IF(VLOOKUP(B11,'비품현황표(전체)'!$A$1:$F$273,6,FALSE)=0,"",VLOOKUP(B11,'비품현황표(전체)'!$A$1:$F$273,6,FALSE)) | H11: 10
A12: 11 | B12: XICARM | C12: Indigocarmine 0.8% | D12: Carmine 0.8% 5ml inj | E12: 10AMP/BOX | F12: 차광한 밀봉용기, 실온(1~30℃)보관 | G12: =IF(VLOOKUP(B12,'비품현황표(전체)'!$A$1:$F$273,6,FALSE)=0,"",VLOOKUP(B12,'비품현황표(전체)'!$A$1:$F$273,6,FALSE)) | H12: 5
A13: 12 | B13: XICGR25W | D13: Celbion green 25mg inj | F13: 차광밀봉용기, 실온(1~30℃)보관 | G13: =IF(VLOOKUP(B13,'비품현황표(전체)'!$A$1:$F$273,6,FALSE)=0,"",VLOOKUP(B13,'비품현황표(전체)'!$A$1:$F$273,6,FALSE)) | H13: 1
A14: 13 | B14: XAMIOD | C14: Amiodarone 150mg | D14: Cordarone 150mg/3ml inj | E14: 6AMP/BOX | F14: 밀봉용기 | G14: =IF(VLOOKUP(B14,'비품현황표(전체)'!$A$1:$F$273,6,FALSE)=0,"",VLOOKUP(B14,'비품현황표(전체)'!$A$1:$F$273,6,FALSE)) | H14: 8
A15: 14 | B15: XPCMOL | C15: Propacetamol 1g | D15: Denogan 1g inj | E15: 10VIA/BOX | F15: 차광밀봉용기, 1~25℃보관 | G15: =IF(VLOOKUP(B15,'비품현황표(전체)'!$A$1:$F$273,6,FALSE)=0,"",VLOOKUP(B15,'비품현황표(전체)'!$A$1:$F$273,6,FALSE)) | H15: 50
A16: 15 | B16: XDXM | C16: Dexamethasone 5mg | D16: Dexamethasone 5mg inj | E16: 50AMP/BOX | F16: 차광한 밀봉용기, 실온(1 ~ 30℃) 보관 | G16: =IF(VLOOKUP(B16,'비품현황표(전체)'!$A$1:$F$273,6,FALSE)=0,"",VLOOKUP(B16,'비품현황표(전체)'!$A$1:$F$273,6,FALSE)) -> 유사발음 | H16: 30
A17: 16 | B17: XDOB5D2 | C17: Dobutamine/D5W 500mg/250ml bag | D17: DOBUTamine/D5W 500mg/250ml bag | E17: 20BAG/BOX | F17: 밀봉용기, 25℃이하에서 보관 | G17: =IF(VLOOKUP(B17,'비품현황표(전체)'!$A$1:$F$273,6,FALSE)=0,"",VLOOKUP(B17,'비품현황표(전체)'!$A$1:$F$273,6,FALSE)) -> 유사발음 | H17: 2
A18: 17 | B18: XDOPA4D2 | C18: Dopamine/D5W 400mg/200ml bag | D18: DOPamine/D5W 400mg/200ml bag CJ | E18: 30BAG/BOX | F18: 밀봉용기, 실온(1-30℃)보관 | G18: =IF(VLOOKUP(B18,'비품현황표(전체)'!$A$1:$F$273,6,FALSE)=0,"",VLOOKUP(B18,'비품현황표(전체)'!$A$1:$F$273,6,FALSE)) -> 유사발음 | H18: 5
A19: 18 | B19: XCTOC100R | C19: Carbetocin 100mcg | D19: Duratocin RTS 100mcg inj | E19: 5VIA/BOX | F19: 밀봉용기, 차광하여 실온(1~30℃)보관, 얼리지 말 것 | G19: =IF(VLOOKUP(B19,'비품현황표(전체)'!$A$1:$F$273,6,FALSE)=0,"",VLOOKUP(B19,'비품현황표(전체)'!$A$1:$F$273,6,FALSE)) | H19: 10
A20: 19 | B20: XEPHE | C20: Ephedrine HCl 40mg | D20: Ephedrine HCl 40mg inj | E20: 50AMP/BOX | F20: 차광한 밀봉용기, 실온(1～30℃)보관, | G20: =IF(VLOOKUP(B20,'비품현황표(전체)'!$A$1:$F$273,6,FALSE)=0,"",VLOOKUP(B20,'비품현황표(전체)'!$A$1:$F$273,6,FALSE)) -> 유사발음 | H20: 50
A21: 20 | B21: XLEVET500W | C21: Levetiracetam 500mg | D21: Epilatam 500mg inj | E21: 10vial/BOX | F21: 밀봉용기, 실온(1~30℃)보관 | G21: =IF(VLOOKUP(B21,'비품현황표(전체)'!$A$1:$F$273,6,FALSE)=0,"",VLOOKUP(B21,'비품현황표(전체)'!$A$1:$F$273,6,FALSE)) -> 유사발음 | H21: 2
A22: 21 | B22: XEPIN | C22: Epinephrine HCl 1mg | D22: Epinephrine 1mg/1ml inj | E22: 50AMP/BOX | F22: 차광밀봉용기, 25℃이하 보관, 냉장보관하지 말 것. | G22: =IF(VLOOKUP(B22,'비품현황표(전체)'!$A$1:$F$273,6,FALSE)=0,"",VLOOKUP(B22,'비품현황표(전체)'!$A$1:$F$273,6,FALSE)) -> 유사발음 | H22: 40
A23: 22 | B23: XMERGO | C23: Methylergometrin maleate 0.2mg | D23: Eruvin 0.2mg inj | E23: 50AMP/BOX | F23: 차광밀봉용기, 냉장(2~8℃)보관 | G23: =IF(VLOOKUP(B23,'비품현황표(전체)'!$A$1:$F$273,6,FALSE)=0,"",VLOOKUP(B23,'비품현황표(전체)'!$A$1:$F$273,6,FALSE)) | H23: 2
A24: 23 | B24: XROCU50 | C24: Esmeron 50mg/5ml inj | D24: Esmeron 50mg/5ml inj | E24: 10 VIAL/BOX | F24: 밀봉용기, 2-8℃보관 | G24: =IF(VLOOKUP(B24,'비품현황표(전체)'!$A$1:$F$273,6,FALSE)=0,"",VLOOKUP(B24,'비품현황표(전체)'!$A$1:$F$273,6,FALSE)) -> 고위험의약품 | H24: 60
A25: 24 | B25: XFLUMA | C25: Flumazenil 0.5mg | D25: Flunil 0.5mg/5ml inj | E25: 5AMP/BOX | F25: 밀봉용기, 30℃이하 보관 | G25: =IF(VLOOKUP(B25,'비품현황표(전체)'!$A$1:$F$273,6,FALSE)=0,"",VLOOKUP(B25,'비품현황표(전체)'!$A$1:$F$273,6,FALSE)) | H25: 5
... A29: 28 | B29: XFURO | C29: Furosemide 20mg | D29: Lasix 20mg inj | E29: 50AMP/BOX | F29: 밀봉용기 실온보관 차광. | G29: =IF(VLOOKUP(B29,'비품현황표(전체)'!$A$1:$F$273,6,FALSE)=0,"",VLOOKUP(B29,'비품현황표(전체)'!$A$1:$F$273,6,FALSE)) -> 유사모양 | H29: 10
A30: 29 | B30: XSUXAM | D30: Lysthenon 100mg/5ml inj | F30: 냉장(2~8℃)보관 | G30: 고위험의약품 | H30: 30
A31: 30 | B31: XMEXO | C31: Metoclopramide | D31: Macperan 10mg inj | E31: 50AMP/BOX | F31: 밀봉용기, 차광, 실온(1~30℃)보관 | G31: =IF(VLOOKUP(B31,'비품현황표(전체)'!$A$1:$F$273,6,FALSE)=0,"",VLOOKUP(B31,'비품현황표(전체)'!$A$1:$F$273,6,FALSE)) | H31: 10
A32: 31 | B32: X20M1X | C32: Mannitol(D-) 20% 100ml | D32: Mannitol 20% 100ml bag대한 | E32: 50BAG/BOX | F32: 밀봉용기 | G32: =IF(VLOOKUP(B32,'비품현황표(전체)'!$A$1:$F$273,6,FALSE)=0,"",VLOOKUP(B32,'비품현황표(전체)'!$A$1:$F$273,6,FALSE)) | H32: 5
A33: 32 | B33: XBPCA.5H4W | C33: Bupivacaine hydrochloride 20mg | D33: Marcaine heavy 20mg/4ml inj | E33: 5amp/box | F33: 밀봉용기.실온보관 | G33: =IF(VLOOKUP(B33,'비품현황표(전체)'!$A$1:$F$273,6,FALSE)=0,"",VLOOKUP(B33,'비품현황표(전체)'!$A$1:$F$273,6,FALSE)) | H33: 40
A34: 33 | B34: XGPYRO | C34: Glycopyrrolate 0.2mg/ml | D34: Mobinul 0.2mg/1ml inj | E34: 50AMP/BOX | F34: 밀봉용기, 실온보관 | G34: =IF(VLOOKUP(B34,'비품현황표(전체)'!$A$1:$F$273,6,FALSE)=0,"",VLOOKUP(B34,'비품현황표(전체)'!$A$1:$F$273,6,FALSE)) | H34: 100
A35: 34 | B35: XNaK20 | C35: Normal saline 100ml+KCl 20mEq | D35: 0.9% NaKCl 20mEq/100ml btl | E35: 20BTL/BOX | F35: 밀봉용기, 실온(1~30℃)보관 | G35: =IF(VLOOKUP(B35,'비품현황표(전체)'!$A$1:$F$273,6,FALSE)=0,"",VLOOKUP(B35,'비품현황표(전체)'!$A$1:$F$273,6,FALSE)) -> #N/A | H35: 2
A36: 35 | B36: XNALO.4 | C36: Naloxone 0.4mg | D36: Naloxone HCl 0.4mg inj | E36: 10AMP/BOX | F36: 밀봉용기, 차광보존 | G36: =IF(VLOOKUP(B36,'비품현황표(전체)'!$A$1:$F$273,6,FALSE)=0,"",VLOOKUP(B36,'비품현황표(전체)'!$A$1:$F$273,6,FALSE)) -> 용량고주의 | H36: 5
A37: 36 | B37: XRPCA7 | C37: Ropivacaine 0.75% 20ml | D37: Naropin 7.5mg/ml 20ml inj | E37: 5AMP/BOX | F37: 밀봉용기, 실온보관. | G37: =IF(VLOOKUP(B37,'비품현황표(전체)'!$A$1:$F$273,6,FALSE)=0,"",VLOOKUP(B37,'비품현황표(전체)'!$A$1:$F$273,6,FALSE)) | H37: 10
A38: 37 | B38: XRAMOSET | C38: Ramosetron 0.3mg/2ml | D38: Nasea 0.3mg inj | E38: 5AMP/BOX*5 | F38: 밀봉용기, 차광보존, 실온(1~30℃)보관 | G38: =IF(VLOOKUP(B38,'비품현황표(전체)'!$A$1:$F$273,6,FALSE)=0,"",VLOOKUP(B38,'비품현황표(전체)'!$A$1:$F$273,6,FALSE)) | H38: 40
A39: 38 | B39: XNITR10F | C39: Nitroglycerin 10mg | D39: Nitrolingual 10mg inj | E39: 10 AMP/BOX | F39: 밀봉용기, 실온보관 | G39: =IF(VLOOKUP(B39,'비품현황표(전체)'!$A$1:$F$273,6,FALSE)=0,"",VLOOKUP(B39,'비품현황표(전체)'!$A$1:$F$273,6,FALSE)) -> 유사모양 | H39: 10
A40: 39 | B40: XNTPRUS | C40: Nitroprusside 50mg | D40: Nitropress 50mg inj | E40: 1VIAL/BOX | F40: 20～25℃, 차광보관 | G40: =IF(VLOOKUP(B40,'비품현황표(전체)'!$A$1:$F$273,6,FALSE)=0,"",VLOOKUP(B40,'비품현황표(전체)'!$A$1:$F$273,6,FALSE)) | H40: 2
A41: 40 | B41: XNORE10 | C41: Norepinephrine 10mg/10ml | D41: Norpin 10mg inj | E41: 10AMP/BOX | F41: 차광밀봉용기, 실온보관(1-30) | G41: =IF(VLOOKUP(B41,'비품현황표(전체)'!$A$1:$F$273,6,FALSE)=0,"",VLOOKUP(B41,'비품현황표(전체)'!$A$1:$F$273,6,FALSE)) | H41: 20
A42: 41 | B42: XOXYT | C42: Oxytocin 5iu | D42: Oxiton 5iu/ml inj | E42: 50AMP/BOX | F42: 밀봉용기, 냉소보관(10℃이하) | G42: =IF(VLOOKUP(B42,'비품현황표(전체)'!$A$1:$F$273,6,FALSE)=0,"",VLOOKUP(B42,'비품현황표(전체)'!$A$1:$F$273,6,FALSE)) | H42: 12
... A46: 45 | B46: XDEXMED2B | C46: Dexmedetomidine 199mcg | D46: Precedex 200mcg/50ml premix inj | E46: 20vial/box | F46: 밀봉용기, 15-30℃보관 | G46: =IF(VLOOKUP(B46,'비품현황표(전체)'!$A$1:$F$273,6,FALSE)=0,"",VLOOKUP(B46,'비품현황표(전체)'!$A$1:$F$273,6,FALSE)) -> 유사발음 | H46: 20
A47: 46 | B47: XMPD1W | D47: Predisol 125mg inj | F47: 실온보관,밀봉용기 | H47: 2
A48: 47 | B48: XMILRIN | C48: Milrinone 10mg | D48: Primacor 10mg inj | E48: 10AMP/BOX | F48: 밀봉용기,실온.차광보관 | G48: =IF(VLOOKUP(B48,'비품현황표(전체)'!$A$1:$F$273,6,FALSE)=0,"",VLOOKUP(B48,'비품현황표(전체)'!$A$1:$F$273,6,FALSE)) | H48: 4
A49: 48 | B49: XPROT | C49: Protamine 50mg | D49: Protamine sulfate 50mg inj | E49: 5AMP/BOX | F49: 밀봉용기, 실온보존 | G49: =IF(VLOOKUP(B49,'비품현황표(전체)'!$A$1:$F$273,6,FALSE)=0,"",VLOOKUP(B49,'비품현황표(전체)'!$A$1:$F$273,6,FALSE)) | H49: 10
A50: 49 | B50: XPSTIG | C50: Pyridostigmine 5mg | D50: Pyrinol 5mg/1ml inj | E50: 50AMP/BOX | F50: 밀봉, 차광보관 | G50: =IF(VLOOKUP(B50,'비품현황표(전체)'!$A$1:$F$273,6,FALSE)=0,"",VLOOKUP(B50,'비품현황표(전체)'!$A$1:$F$273,6,FALSE)) -> 유사발음 | H50: 150
A51: 50 | B51: X20SMOF50 | C51: Intralipid 20% 500ml Inj | D51: SMOFlipid 20% 500ml Inj | E51: 10BTL/BOX | F51: 밀봉용기, 1-25℃에서 보관 | G51: =IF(VLOOKUP(B51,'비품현황표(전체)'!$A$1:$F$273,6,FALSE)=0,"",VLOOKUP(B51,'비품현황표(전체)'!$A$1:$F$273,6,FALSE)) -> 용량고주의 | H51: 1
A52: 51 | B52: XNB84 | C52: NaHCO3 8.4% 20ml amp | D52: Sod.bicarbonate 8.4% 20ml inj | E52: 50AMP/BOX | F52: 밀봉용기, 실온보관(1~30℃) | G52: =IF(VLOOKUP(B52,'비품현황표(전체)'!$A$1:$F$273,6,FALSE)=0,"",VLOOKUP(B52,'비품현황표(전체)'!$A$1:$F$273,6,FALSE)) | H52: 20
A53: 52 | B53: XSUGAM1W | C53: Sugammadex 200mg Inj | D53: Sugammadex Sodium 100mg/1ml inj | E53: 10 VIAL/BOX | F53: 2∼30℃보관, 차광보관, 밀봉용기 | H53: 10
A54: 53 | B54: XSUGAM2W | C54: Sugammadex 200mg Inj | D54: Sugammadex Sodium 200mg/2ml inj | E54: 10 VIAL/BOX | F54: 2∼30℃보관, 차광보관, 밀봉용기 | G54: =IF(VLOOKUP(B54,'비품현황표(전체)'!$A$1:$F$273,6,FALSE)=0,"",VLOOKUP(B54,'비품현황표(전체)'!$A$1:$F$273,6,FALSE)) | H54: 40
A55: 54 | B55: XTRANEX5 | C55: tranexamic acid 500㎎/5㎖ | D55: Tranexamic acid inj 500mg/5ml | E55: 50AMP/BOX | F55: 밀봉용기, 실온(1～30℃)보관 | G55: =IF(VLOOKUP(B55,'비품현황표(전체)'!$A$1:$F$273,6,FALSE)=0,"",VLOOKUP(B55,'비품현황표(전체)'!$A$1:$F$273,6,FALSE)) | H55: 5
A56: 55 | B56: XULIST10 | C56: Ulinastatin 100,000 IU | D56: Ulistin 100000 IU inj | E56: 10AMP/BOX | F56: 밀봉용기, 실온보관(1~30℃) | G56: =IF(VLOOKUP(B56,'비품현황표(전체)'!$A$1:$F$273,6,FALSE)=0,"",VLOOKUP(B56,'비품현황표(전체)'!$A$1:$F$273,6,FALSE)) | H56: 10
A57: 56 | B57: XADH | C57: Vasopressin 20u | D57: Vasopressin 20u inj | E57: 10AMP/BOX | F57: 동결을 피하여 냉소보존(15℃이하), 밀봉용기 | G57: =IF(VLOOKUP(B57,'비품현황표(전체)'!$A$1:$F$273,6,FALSE)=0,"",VLOOKUP(B57,'비품현황표(전체)'!$A$1:$F$273,6,FALSE)) | H57: 2
A58: 57 | B58: XVECUR10Y | C58: Vecuronium bromide 10mg | D58: Vecaron 10mg inj | E58: 10VIAL/BOX | F58: 밀봉용기 25℃ 이하에서 보관 | G58: =IF(VLOOKUP(B58,'비품현황표(전체)'!$A$1:$F$273,6,FALSE)=0,"",VLOOKUP(B58,'비품현황표(전체)'!$A$1:$F$273,6,FALSE)) | H58: 30
A59: 58 | B59: XHES6MPS5 | C59: Hydroxyethylstarch/Mg/K/Na | D59: Volulyte 6% 500ml inj | E59: 20bag/box | F59: 밀봉용기, 25℃ 이하 | G59: =IF(VLOOKUP(B59,'비품현황표(전체)'!$A$1:$F$273,6,FALSE)=0,"",VLOOKUP(B59,'비품현황표(전체)'!$A$1:$F$273,6,FALSE)) | H59: 5
D60: 보유비품약 품목수 | H60: 58

Sheet OR
A1: NO | B1: 약품코드 | C1: 일반명 | D1: 영문상품명 | E1: 규격 | F1: 보관조건 | G1: 혼돈주의약품 | H1: 25.12.01
A2: 1 | B2: BSS-L | C2: BSS* | D2: BSS 500ml | E2: 500ML/BTL | F2: 2 ~ 25℃ 보관, 밀봉용기 | H2: 10
A3: 2 | B3: BSSP-L | C3: BSS plus* | D3: BSS plus 500ml | E3: 500ML/BTL | F3: 2℃ - 25℃ 보관, 밀봉용기 | G3: =IF(VLOOKUP(B3,'비품현황표(전체)'!$A$1:$F$273,6,FALSE)=0,"",VLOOKUP(B3,'비품현황표(전체)'!$A$1:$F$273,6,FALSE)) | H3: 8
A4: 3 | B4: BSS5-L | C4: BSS plastic bagtype 500ml | D4: BSS plastic bagtype 500ml | E4: 500ML/BAG | F4: 과열을 피하여 실온보관(8-27℃), 밀봉용기 | H4: 12
A5: 4 | B5: XBPCA5W | D5: Bupivacaine-HCl 0.5% 20ml inj HANA | F5: 차광밀봉용기, 실온(1~30℃)보관 | G5: LMT에서 수령 | H5: 30
A6: 5 | B6: XICARM | C6: Indigocarmine 0.8% | D6: Carmine 0.8% 5ml inj | E6: 10AMP/BOX | F6: 차광한 밀봉용기, 실온(1~30℃)보관 | G6: =IF(VLOOKUP(B6,'비품현황표(전체)'!$A$1:$F$273,6,FALSE)=0,"",VLOOKUP(B6,'비품현황표(전체)'!$A$1:$F$273,6,FALSE)) | H6: 5
A7: 6 | B7: MISOP2 | C7: Misoprostol 200mcg | D7: Cytotec 200mcg tab | E7: 120TAB/BTL | F7: 기밀용기, 실온보관(1-30℃) | G7: =IF(VLOOKUP(B7,'비품현황표(전체)'!$A$1:$F$273,6,FALSE)=0,"",VLOOKUP(B7,'비품현황표(전체)'!$A$1:$F$273,6,FALSE)) | H7: 5
A8: 7 | B8: XHUR16C40 | C8: Discovisc 1ml inj (sodium hyaluronate/chondroitin sodium sulfate) | D8: Discovisc 1ml inj | E8: 1SRG/BOX | F8: 기밀용기, 2-8℃ 보관 | H8: 10
A9: 8 | B9: XMERGO | C9: Methylergometrin maleate 0.2mg | D9: Eruvin 0.2mg inj | E9: 50AMP/BOX | F9: 차광밀봉용기, 냉장(2~8℃)보관 | G9: =IF(VLOOKUP(B9,'비품현황표(전체)'!$A$1:$F$273,6,FALSE)=0,"",VLOOKUP(B9,'비품현황표(전체)'!$A$1:$F$273,6,FALSE)) | H9: 5
A10: 9 | B10: XGM80 | C10: Gentamicin sulfate 80mg | D10: Gentamicin 80mg inj | E10: 50AMP/BOX | F10: 앰플: 밀봉용기, 실온(1 ∼30℃)보관 | H10: 10
A11: 10 | B11: XXHYAL85 | D11: Healon 10mg/ml 0.85ml inj | F11: 차광저장, 2~8℃에서 얼지 않도록 보관, 밀봉용기 | G11: =IF(VLOOKUP(B11,'비품현황표(전체)'!$A$1:$F$273,6,FALSE)=0,"",VLOOKUP(B11,'비품현황표(전체)'!$A$1:$F$273,6,FALSE)) | H11: 10
A12: 11 | B12: XHYALU15W | C12: Hyaluronidase 1500IU | D12: Hirax 1500iu inj | E12: 10VIA/BOX | F12: 밀봉용기, 냉장(2~8℃) 보관 | H12: 50
A13: 12 | B13: LID11-GL | D13: Uricaine gel 11ml | F13: 기밀용기, 실온(1～30℃)보관, 차광보관 | G13: =IF(VLOOKUP(B13,'비품현황표(전체)'!$A$1:$F$273,6,FALSE)=0,"",VLOOKUP(B13,'비품현황표(전체)'!$A$1:$F$273,6,FALSE)) | H13: 20
A14: 13 | B14: CBCHOL-T | C14: Ropivacaine 0.75% 20ml | D14: Miostat 0.01% 1.5ml sol | E14: 5AMP/BOX | F14: 실온보관, 밀봉용기 | G14: =IF(VLOOKUP(B14,'비품현황표(전체)'!$A$1:$F$273,6,FALSE)=0,"",VLOOKUP(B14,'비품현황표(전체)'!$A$1:$F$273,6,FALSE)) | H14: 5
A15: 14 | B15: XRPCA7 | C15: Papaverine 30mg | D15: Naropin 7.5mg/ml 20ml inj | E15: 50AMP/BOX | F15: 밀봉용기, 실온보관. | G15: =IF(VLOOKUP(B15,'비품현황표(전체)'!$A$1:$F$273,6,FALSE)=0,"",VLOOKUP(B15,'비품현황표(전체)'!$A$1:$F$273,6,FALSE)) | H15: 10
A16: 15 | B16: XPAPA | C16: sodium hyaluronate 10㎎/㎖ | D16: Papaverine 30mg/1ml inj | E16: 1SRG/BOX | F16: 차광, 밀봉용기, 실온보관(1∼30℃) | G16: =IF(VLOOKUP(B16,'비품현황표(전체)'!$A$1:$F$273,6,FALSE)=0,"",VLOOKUP(B16,'비품현황표(전체)'!$A$1:$F$273,6,FALSE)) | H16: 10
A17: 16 | B17: XHURON1 | C17: Taurolidine 2% 250ml | D17: Provisc 0.85ml inj | E17: 10btl/box | F17: 밀봉용기, 차광냉장보관(2 - 8℃) | G17: =IF(VLOOKUP(B17,'비품현황표(전체)'!$A$1:$F$273,6,FALSE)=0,"",VLOOKUP(B17,'비품현황표(전체)'!$A$1:$F$273,6,FALSE)) | H17: 10
A18: 17 | B18: X2TAUR2 | C18: Thrombin 500u vial | D18: Taurolin 2% 250ml inj. | E18: 1VIAL | F18: 밀봉용기,상온보관 | G18: =IF(VLOOKUP(B18,'비품현황표(전체)'!$A$1:$F$273,6,FALSE)=0,"",VLOOKUP(B18,'비품현황표(전체)'!$A$1:$F$273,6,FALSE)) | H18: 10
A19: 18 | B19: THROM-W | C19: Vancomycin 1g* | D19: Thrombin FD powder이연 | E19: 10VIAL/BOX*56 | F19: 밀봉용기 2~8도씨 | G19: =IF(VLOOKUP(B19,'비품현황표(전체)'!$A$1:$F$273,6,FALSE)=0,"",VLOOKUP(B19,'비품현황표(전체)'!$A$1:$F$273,6,FALSE)) | H19: 10
A20: 19 | B20: XVANC1G | C20: Vancomycin 500mg | D20: Vancocin CP 1g inj | E20: 10VIA/BOX | F20: 밀봉용기, 실온(1-30℃) 보관 | G20: =IF(VLOOKUP(B20,'비품현황표(전체)'!$A$1:$F$273,6,FALSE)=0,"",VLOOKUP(B20,'비품현황표(전체)'!$A$1:$F$273,6,FALSE)) | H20: 10
A21: 20 | B21: XVANCO | C21: Viscoat* 0.75ml Inj | D21: VANCOMYCIN HCI CJ INJ 500mg/V | E21: 1SRG/BOX | F21: 밀봉용기, 실온보관 | G21: =IF(VLOOKUP(B21,'비품현황표(전체)'!$A$1:$F$273,6,FALSE)=0,"",VLOOKUP(B21,'비품현황표(전체)'!$A$1:$F$273,6,FALSE)) | H21: 5
A22: 21 | B22: XHURON75 | D22: Viscoat 0.75ml syringe | F22: 2-8℃에서 기밀용기 | G22: =IF(VLOOKUP(B22,'비품현황표(전체)'!$A$1:$F$273,6,FALSE)=0,"",VLOOKUP(B22,'비품현황표(전체)'!$A$1:$F$273,6,FALSE)) | H22: 10
D23: 보유비품약 품목수 | H23: 21

Sheet DRL
A1: NO | B1: 약품코드 | C1: 일반명 | D1: 영문상품명 | E1: 규격 | F1: 보관조건 | G1: 혼돈주의약품 | H1: 25.12.01
A2: 1 | B2: XBMETHA4W | C2: Betamethasone 4mg inj* | D2: Betamethasone 4mg inj | E2: 50AMP/BOX | F2: 차광밀봉용기, 실온(1~30℃)보관 | G2: =IF(VLOOKUP(B2,'비품현황표(전체)'!$A$1:$F$273,6,FALSE)=0,"",VLOOKUP(B2,'비품현황표(전체)'!$A$1:$F$273,6,FALSE)) -> 유사발음 | H2: 6
A3: 2 | B3: XICARM | C3: Indigocarmine 0.8% | D3: Carmine 0.8% 5ml inj | E3: 10AMP/BOX | F3: 차광한 밀봉용기, 실온(1~30℃)보관 | G3: =IF(VLOOKUP(B3,'비품현황표(전체)'!$A$1:$F$273,6,FALSE)=0,"",VLOOKUP(B3,'비품현황표(전체)'!$A$1:$F$273,6,FALSE)) | H3: 2
A4: 3 | B4: XCMTAZ | C4: cefmetazole 1g inj | D4: Ceftacin 1g inj | E4: 11VIA/BOX | F4: 밀봉용기, 실온보관 | G4: =IF(VLOOKUP(B4,'비품현황표(전체)'!$A$1:$F$273,6,FALSE)=0,"",VLOOKUP(B4,'비품현황표(전체)'!$A$1:$F$273,6,FALSE)) | H4: 4
A5: 4 | B5: MISOP2 | C5: Misoprostol 200mcg | D5: Cytotec 200mcg tab | E5: 120TAB/BTL | F5: 기밀용기, 실온보관(1-30℃) | G5: =IF(VLOOKUP(B5,'비품현황표(전체)'!$A$1:$F$273,6,FALSE)=0,"",VLOOKUP(B5,'비품현황표(전체)'!$A$1:$F$273,6,FALSE)) | H5: 20
A6: 5 | B6: XCTOC100R | C6: Carbetocin 100mcg | D6: Duratocin RTS 100mcg inj | E6: 5VIA/BOX | F6: 밀봉용기, 차광하여 실온(1~30℃)보관, 얼리지 말 것 | G6: =IF(VLOOKUP(B6,'비품현황표(전체)'!$A$1:$F$273,6,FALSE)=0,"",VLOOKUP(B6,'비품현황표(전체)'!$A$1:$F$273,6,FALSE)) | H6: 5
A7: 6 | B7: XEPIN | C7: Epinephrine HCl 1mg | D7: Epinephrine 1mg/1ml inj | E7: 50AMP/BOX | F7: 차광밀봉용기, 25℃이하 보관, 냉장보관하지 말 것. | G7: =IF(VLOOKUP(B7,'비품현황표(전체)'!$A$1:$F$273,6,FALSE)=0,"",VLOOKUP(B7,'비품현황표(전체)'!$A$1:$F$273,6,FALSE)) -> 유사발음 | H7: 2
A8: 7 | B8: XMERGO | C8: Methylergometrin maleate 0.2mg | D8: Eruvin 0.2mg inj | E8: 50AMP/BOX | F8: 차광밀봉용기, 냉장(2~8℃)보관 | G8: =IF(VLOOKUP(B8,'비품현황표(전체)'!$A$1:$F$273,6,FALSE)=0,"",VLOOKUP(B8,'비품현황표(전체)'!$A$1:$F$273,6,FALSE)) | H8: 2
A9: 8 | B9: XKROL | C9: Ketorolac tromethamine 30mg | D9: Keromin 30mg Inj | E9: 50AMP/BOX | F9: 차광밀봉용기, 실온(1-30℃)보관 | G9: =IF(VLOOKUP(B9,'비품현황표(전체)'!$A$1:$F$273,6,FALSE)=0,"",VLOOKUP(B9,'비품현황표(전체)'!$A$1:$F$273,6,FALSE)) | H9: 3
A10: 9 | B10: XLABETA20 | C10: Labetalol HCl 20mg inj | D10: Labesin 20mg/4ml inj | E10: 50AMP/BOX | F10: 차광밀봉용기, 실온보관 | G10: =IF(VLOOKUP(B10,'비품현황표(전체)'!$A$1:$F$273,6,FALSE)=0,"",VLOOKUP(B10,'비품현황표(전체)'!$A$1:$F$273,6,FALSE)) | H10: 6
A11: 10 | B11: XFURO | C11: Furosemide 20mg | D11: Lasix 20mg inj | E11: 50AMP/BOX | F11: 밀봉용기 실온보관 차광. | G11: =IF(VLOOKUP(B11,'비품현황표(전체)'!$A$1:$F$273,6,FALSE)=0,"",VLOOKUP(B11,'비품현황표(전체)'!$A$1:$F$273,6,FALSE)) -> 유사모양 | H11: 2
A12: 11 | B12: XRITOD | C12: Ritodrine 50mg | D12: Lavopar 50mg inj | E12: 10AMP/BOX | F12: 차광밀봉용기, 30도 이하 보관 | G12: =IF(VLOOKUP(B12,'비품현황표(전체)'!$A$1:$F$273,6,FALSE)=0,"",VLOOKUP(B12,'비품현황표(전체)'!$A$1:$F$273,6,FALSE)) | H12: 12
A13: 12 | B13: XMEXO | C13: Metoclopramide | D13: Macperan 10mg inj | E13: 50AMP/BOX | F13: 밀봉용기, 차광, 실온(1~30℃)보관 | G13: =IF(VLOOKUP(B13,'비품현황표(전체)'!$A$1:$F$273,6,FALSE)=0,"",VLOOKUP(B13,'비품현황표(전체)'!$A$1:$F$273,6,FALSE)) | H13: 1
... A23: 22 | B23: XHES6MPS5 | C23: Hydroxyethylstarch/Mg/K/Na | D23: Volulyte 6% 500ml inj | E23: 20bag/box | F23: 밀봉용기, 25℃ 이하 | G23: =IF(VLOOKUP(B23,'비품현황표(전체)'!$A$1:$F$273,6,FALSE)=0,"",VLOOKUP(B23,'비품현황표(전체)'!$A$1:$F$273,6,FALSE)) | H23: 2
D24: 보유비품종류 | H24: 22

Sheet NICU
A1: NO | B1: 약품코드 | C1: 일반명 | D1: 영문상품명 | E1: 규격 | F1: 보관조건 | G1: 혼돈주의약품 | H1: 26.01.19
A2: 1 | B2: XCFACT120 | C2: Poractant alfa 120mg | D2: Curosurf 120mg inj. | E2: 1SRG/BOX | F2: =VLOOKUP(B2,'비품현황표(전체)'!$A1:$AT274,5,FALSE) -> 밀봉용기, 5 ±3℃ 냉암소보관 | G2: =IF(VLOOKUP(B2,'비품현황표(전체)'!$A$1:$F$273,6,FALSE)=0,"",VLOOKUP(B2,'비품현황표(전체)'!$A$1:$F$273,6,FALSE)) | H2: 3
A3: 2 | B3: TOB-T | D3: Tobra 0.3% 5ml oph sol | F3: 기밀용기, 실온보관 | H3: 2
A4: 3 | B4: XK1 | C4: Phytonadione 10mg | D4: Vitamin K1 10mg/1ml inj | E4: 50AMP/BOX | F4: 밀봉용기, 차광보존 | H4: 2
D5: 보유비품종류 | H5: 3

Sheet AER
A1: NO | B1: 약품코드 | C1: 일반명 | D1: 영문상품명 | E1: 규격 | F1: 보관조건 | G1: 혼돈주의약품 | H1: 26.04.30
A2: 1 | B2: ASP1PR | C2: Aspirin enteric coated 100mg tab | D2: Aspirin protect 100mg tab | E2: 1500TAB/BOX | F2: 기밀용기, 실온(25℃이하)보관 | H2: 3
A3: 2 | B3: XAPH1 | C3: Acetaminophen 1g/100ml | D3: Acetphen 1g/100ml premix inj | E3: 1bag | F3: 실온보관(1~30℃), 밀봉용기 | G3: =IF(VLOOKUP(B3,'비품현황표(전체)'!$A$1:$F$273,6,FALSE)=0,"",VLOOKUP(B3,'비품현황표(전체)'!$A$1:$F$273,6,FALSE)) | H3: 5
A4: 3 | B4: XTPA20 | C4: RH-tissue-type plasminogen activator | D4: Actylase 20mg/20ml inj | E4: 1VIAL/BOX | F4: 밀봉용기, 실온(1-30℃) 보관, 빛을 피하여 보관 | G4: =IF(VLOOKUP(B4,'비품현황표(전체)'!$A$1:$F$273,6,FALSE)=0,"",VLOOKUP(B4,'비품현황표(전체)'!$A$1:$F$273,6,FALSE)) | H4: 3
A5: 4 | B5: XTPA50 | C5: RH-tissue-type plasminogen activator | D5: Actylase 50mg/50ml inj | E5: 1VIAL/BOX | F5: 밀봉용기, 실온(1-30℃) 보관, 빛을 피하여 보관 | G5: =IF(VLOOKUP(B5,'비품현황표(전체)'!$A$1:$F$273,6,FALSE)=0,"",VLOOKUP(B5,'비품현황표(전체)'!$A$1:$F$273,6,FALSE)) | H5: 1
A6: 5 | B6: IPRAT-RS | C6: Ipratropium bromide inh.soln 500mcg/2ml | D6: Atrovent UDV 2ml/Amp | E6: 20AMP/BOX*54 | F6: 밀봉용기, 실온보관 | G6: =IF(VLOOKUP(B6,'비품현황표(전체)'!$A$1:$F$273,6,FALSE)=0,"",VLOOKUP(B6,'비품현황표(전체)'!$A$1:$F$273,6,FALSE)) -> 유사모양 | H6: 5
A7: 6 | B7: XNICAR5 | D7: Binicapin 5mg/5ml inj | F7: 차광, 실온(1~30℃)보관 | G7: =IF(VLOOKUP(B7,'비품현황표(전체)'!$A$1:$F$273,6,FALSE)=0,"",VLOOKUP(B7,'비품현황표(전체)'!$A$1:$F$273,6,FALSE)) | H7: 3
A8: 7 | B8: XEMOL1 | C8: Esmolol HCl 100mg | D8: Brevibloc 100mg inj | E8: 20VIA/BOX | F8: 실온보관 | G8: =IF(VLOOKUP(B8,'비품현황표(전체)'!$A$1:$F$273,6,FALSE)=0,"",VLOOKUP(B8,'비품현황표(전체)'!$A$1:$F$273,6,FALSE)) | H8: 2
A9: 8 | B9: TICAG90 | C9: Brilinta 90mg Tab (ticagrelor) | D9: Brilinta 90mg Tab | E9: 56TAB/BOX | F9: 기밀용기, 실온(1∼30℃)보관 | H9: 2
A10: 9 | B10: XIBUPR4P | C10: Bupensol 400mg/100ml inj (ibuprofen) | D10: Bupensol 400mg/100ml inj | E10: 100ML/BAG | F10: 밀봉용기, 실온(1~30℃)보관 | H10: 5
A11: 10 | B11: XCZOL1W | C11: Cefazolin 1g inj | D11: Cefazolin 1g inj | E11: 10VIA/BOX | F11: 밀봉용기, 실온보관 | G11: =IF(VLOOKUP(B11,'비품현황표(전체)'!$A$1:$F$273,6,FALSE)=0,"",VLOOKUP(B11,'비품현황표(전체)'!$A$1:$F$273,6,FALSE)) | H11: 3
A12: 11 | B12: XDICLOF | C12: diclofenac-β-dimethyl-aminoethanol 90mg/2ml | D12: Dibeta-C 90mg/2ml inj | E12: 50AMP/BOX | F12: 차광밀봉용기, 실온(1~30℃)보관 | G12: =IF(VLOOKUP(B12,'비품현황표(전체)'!$A$1:$F$273,6,FALSE)=0,"",VLOOKUP(B12,'비품현황표(전체)'!$A$1:$F$273,6,FALSE)) | H12: 5
A13: 12 | B13: XLEVET500W | C13: Levetiracetam 500mg | D13: Epilatam 500mg inj | E13: 10vial/BOX | F13: 밀봉용기, 실온(1~30℃)보관 | G13: =IF(VLOOKUP(B13,'비품현황표(전체)'!$A$1:$F$273,6,FALSE)=0,"",VLOOKUP(B13,'비품현황표(전체)'!$A$1:$F$273,6,FALSE)) -> 유사발음 | H13: 1
A14: 13 | B14: XROCU50 | C14: Esmeron 50mg/5ml inj | D14: Esmeron 50mg/5ml inj | E14: 10 VIAL/BOX | F14: 밀봉용기, 2-8℃보관 | G14: =IF(VLOOKUP(B14,'비품현황표(전체)'!$A$1:$F$273,6,FALSE)=0,"",VLOOKUP(B14,'비품현황표(전체)'!$A$1:$F$273,6,FALSE)) -> 고위험의약품 | H14: 2
A15: 14 | B15: XHEPAR5 | C15: Heparin sodium 25000u | D15: Heparin sod. 25000IU/5ml inj | E15: 10VIA/BOX | F15: 밀봉용기, 실온보존 | G15: =IF(VLOOKUP(B15,'비품현황표(전체)'!$A$1:$F$273,6,FALSE)=0,"",VLOOKUP(B15,'비품현황표(전체)'!$A$1:$F$273,6,FALSE)) -> 고위험의약품 | H15: 3
A16: 15 | B16: XDILT | C16: Diltiazem 50mg inj | D16: Herben 50mg inj | E16: 10VIA/BOX | F16: 밀봉용기, 실온보존(1～30℃) | G16: =IF(VLOOKUP(B16,'비품현황표(전체)'!$A$1:$F$273,6,FALSE)=0,"",VLOOKUP(B16,'비품현황표(전체)'!$A$1:$F$273,6,FALSE)) | H16: 2
A17: 16 | B17: XHYOS2Y | C17: Hyspan 20mg inj | D17: Hyspan 20mg inj | E17: 50AMP/BOX | F17: 차광밀봉용기, 실온(1~30℃)보관 | G17: =IF(VLOOKUP(B17,'비품현황표(전체)'!$A$1:$F$273,6,FALSE)=0,"",VLOOKUP(B17,'비품현황표(전체)'!$A$1:$F$273,6,FALSE)) | H17: 10
A18: 17 | B18: XVERAW | C18: Verapamil 5mg inj | D18: Isoptin 5mg inj(viatris) | E18: 10AMP/BOX | F18: 차광용기, 실온보관 | G18: =IF(VLOOKUP(B18,'비품현황표(전체)'!$A$1:$F$273,6,FALSE)=0,"",VLOOKUP(B18,'비품현황표(전체)'!$A$1:$F$273,6,FALSE)) | H18: 2
A19: 18 | B19: XKROL | C19: Ketorolac tromethamine 30mg | D19: Keromin 30mg Inj | E19: 50AMP/BOX | F19: 차광밀봉용기, 실온(1-30℃)보관 | G19: =IF(VLOOKUP(B19,'비품현황표(전체)'!$A$1:$F$273,6,FALSE)=0,"",VLOOKUP(B19,'비품현황표(전체)'!$A$1:$F$273,6,FALSE)) | H19: 10
A20: 19 | B20: XMEXO | C20: Metoclopramide | D20: Macperan 10mg inj | E20: 50AMP/BOX | F20: 밀봉용기, 차광, 실온(1~30℃)보관 | G20: =IF(VLOOKUP(B20,'비품현황표(전체)'!$A$1:$F$273,6,FALSE)=0,"",VLOOKUP(B20,'비품현황표(전체)'!$A$1:$F$273,6,FALSE)) | H20: 10
A21: 20 | B21: XMGSF10 | C21: MgSO4 10% 20ml | D21: Magnesium sulfate 10% 20ml inj | E21: 50AMP/BOX | F21: 밀봉용기, 실온(1∼30℃)보관 | G21: =IF(VLOOKUP(B21,'비품현황표(전체)'!$A$1:$F$273,6,FALSE)=0,"",VLOOKUP(B21,'비품현황표(전체)'!$A$1:$F$273,6,FALSE)) | H21: 2
A22: 21 | B22: X20M1X | C22: Mannitol(D-) 20% 100ml | D22: Mannitol 20% 100ml bag대한 | E22: 50BAG/BOX | F22: 밀봉용기 | G22: =IF(VLOOKUP(B22,'비품현황표(전체)'!$A$1:$F$273,6,FALSE)=0,"",VLOOKUP(B22,'비품현황표(전체)'!$A$1:$F$273,6,FALSE)) | H22: 3
... A27: 26 | B27: XHPD | C27: Haloperidol 5mg/1ml | D27: Peridol 5mg inj | E27: 10AMP/BOX | F27: 밀봉용기, 차광하여 실온보관 | G27: =IF(VLOOKUP(B27,'비품현황표(전체)'!$A$1:$F$273,6,FALSE)=0,"",VLOOKUP(B27,'비품현황표(전체)'!$A$1:$F$273,6,FALSE)) -> 유사발음 | H27: 5
A28: 27 | B28: CLOPID | C28: Clopidogrel 75mg | D28: Plavix 75mg tab | E28: 100TAB/BTL | F28: 기밀용기, 실온보관(1~30℃) | G28: 유사모양 | H28: 8
A29: 28 | B29: BUD2-RP | C29: Budesonide nebulizer 0.5mg/2ml amp | D29: Pulmican sus 0.5mg/2ml amp | E29: 30AMP/BOX | F29: 기밀용기, 실온(1~30℃)보관 | G29: =VLOOKUP(B29,'비품현황표(전체)'!$A$1:$F$273,6, ) -> 유사모양 | H29: 5
A30: 30 | B30: XTAZOC4W | C30: Piperacillin sod 4g/Tazobactam 0.5g | D30: Tazoractam 4.5g inj | E30: 10VIAL/BOX | F30: 밀봉용기, 실온(1-30℃) 보관 | G30: =IF(VLOOKUP(B30,'비품현황표(전체)'!$A$1:$F$273,6,FALSE)=0,"",VLOOKUP(B30,'비품현황표(전체)'!$A$1:$F$273,6,FALSE)) | H30: 1
A31: 31 | B31: XTRAM50 | C31: Tramadol 50mg/ml | D31: Tridol 50mg inj | E31: 50AMP/BOX | F31: 밀봉용기, 실온(1～30℃)보관 | G31: =IF(VLOOKUP(B31,'비품현황표(전체)'!$A$1:$F$273,6,FALSE)=0,"",VLOOKUP(B31,'비품현황표(전체)'!$A$1:$F$273,6,FALSE)) | H31: 10
A32: 32 | B32: XCRO2NS | D32: Triaxone mapset Kit 2g inj | F32: 밀봉용기, 실온(1-30℃)보관 | H32: 1
A33: 33 | B33: XADH | C33: Vasopressin 20u | D33: Vasopressin 20u inj | E33: 10AMP/BOX | F33: 동결을 피하여 냉소보존(15℃이하), 밀봉용기 | G33: =IF(VLOOKUP(B33,'비품현황표(전체)'!$A$1:$F$273,6,FALSE)=0,"",VLOOKUP(B33,'비품현황표(전체)'!$A$1:$F$273,6,FALSE)) | H33: 2
A34: 34 | B34: SALB-NB | C34: Salbutamol inhalation nebule 2.5mg | D34: Ventolin nebule 2.5mg | E34: 20AMP/BOX*54 | F34: 기밀용기, 30℃이하 차광보관 | G34: 유사모양 | H34: 6
A35: 35 | B35: XXDT5 | C35: Diphtheria/Tetanus Vaccine | D35: TD vaccine (GC) 0.5ml/srg | F35: 2-8℃에서 얼리지 말고 보관 | H35: 5
D36: 보유비품약 품목수 | H36: 35

Sheet RRT
A1: NO | B1: 약품코드 | C1: 일반명 | D1: 영문상품명 | E1: 규격 | F1: 보관조건 | G1: 혼돈주의약품 | H1: 26.02.09
A2: 1 | B2: XROCU50 | C2: Esmeron 50mg/5ml inj | D2: Esmeron 50mg/5ml inj | E2: 10 VIAL/BOX | F2: 밀봉용기, 2-8℃보관 | G2: 고위험의약품 | H2: 2
D3: 보유비품종류 | H3: 1

Sheet HBEF
A1: NO | B1: 약품코드 | C1: 일반명 | D1: 영문상품명 | E1: 규격 | F1: 보관조건 | G1: 혼돈주의약품 | H1: 26.03.26
A2: 1 | B2: XADENO6 | C2: Adenosine 6mg | D2: Adenocor 6mg/2ml inj | E2: 6VIAL/BOX | F2: 밀봉용기 | G2: =IF(VLOOKUP(B2,'비품현황표(전체)'!$A$1:$F$273,6,FALSE)=0,"",VLOOKUP(B2,'비품현황표(전체)'!$A$1:$F$273,6,FALSE)) | H2: 3
A3: 2 | B3: ASP1PR | C3: Bayer Aspirin 100mg tab | D3: Aspirin protect 100mg tab | E3: 30TAB/BOX | F3: 기밀용기, 1~25℃ 보관 | G3: =IF(VLOOKUP(B3,'비품현황표(전체)'!$A$1:$F$273,6,FALSE)=0,"",VLOOKUP(B3,'비품현황표(전체)'!$A$1:$F$273,6,FALSE)) | H3: 6
A4: 3 | B4: XATRO | C4: Atropine sulfate 0.5mg | D4: Atropine sulfate 0.5mg/1ml inj | E4: 50AMP/BOX | F4: 차광밀봉용기, 실온(1-30℃)보관 | H4: 10
A5: 4 | B5: TICAG90 | C5: Brilinta 90mg Tab (ticagrelor) | D5: Brilinta 90mg Tab | E5: 56TAB/BOX | F5: 기밀용기, 실온(1∼30℃)보관 | H5: 4
A6: 5 | B6: XCZOL1W | C6: Cefazolin 1g inj | D6: Cefazolin 1g inj | E6: 10VIA/BOX | F6: 밀봉용기, 실온보관 | H6: 1
A7: 6 | B7: XABCIX | C7: Abciximab 10mg | D7: Clotinab 10mg/5ml Inj | E7: 1VIAL | F7: 밀봉용기, 냉장보관(2~8℃) | G7: =IF(VLOOKUP(B7,'비품현황표(전체)'!$A$1:$F$273,6,FALSE)=0,"",VLOOKUP(B7,'비품현황표(전체)'!$A$1:$F$273,6,FALSE)) | H7: 6
A8: 7 | B8: XAMIOD | C8: Amiodarone 150mg | D8: Cordarone 150mg/3ml inj | E8: 6AMP/BOX | F8: 밀봉용기 | G8: =IF(VLOOKUP(B8,'비품현황표(전체)'!$A$1:$F$273,6,FALSE)=0,"",VLOOKUP(B8,'비품현황표(전체)'!$A$1:$F$273,6,FALSE)) | H8: 6
A9: 8 | B9: XADENO90 | C9: Adenosine 90mg/30ml | D9: Denosin 90mg/30ml inj | E9: 10VIA/BOX | F9: 밀봉용기, 실온(1~30℃)보관 | G9: =IF(VLOOKUP(B9,'비품현황표(전체)'!$A$1:$F$273,6,FALSE)=0,"",VLOOKUP(B9,'비품현황표(전체)'!$A$1:$F$273,6,FALSE)) | H9: 4
A10: 9 | B10: XDOPA4D2 | C10: Dopamine/D5W 400mg/200ml bag | D10: DOPamine/D5W 400mg/200ml bag CJ | E10: 30BAG/BOX | F10: 밀봉용기, 실온(1-30℃)보관 | G10: 유사발음 | H10: 2
A11: 10 | B11: XEPHE | C11: Ephedrine HCl 40mg | D11: Ephedrine HCl 40mg inj | E11: 50AMP/BOX | F11: 차광한 밀봉용기, 실온(1～30℃)보관, | G11: 유사발음 | H11: 1
A12: 11 | B12: XEPIN | C12: Epinephrine HCl 1mg | D12: Epinephrine 1mg/1ml inj | E12: 50AMP/BOX | F12: 차광밀봉용기, 25℃이하 보관, 냉장보관하지 말 것. | G12: 유사발음 | H12: 10
A13: 12 | B13: XMERGO | C13: Methylergometrin maleate 0.2mg | D13: Eruvin 0.2mg inj | E13: 50AMP/BOX | F13: 차광밀봉용기, 냉장(2~8℃)보관 | G13: =IF(VLOOKUP(B13,'비품현황표(전체)'!$A$1:$F$273,6,FALSE)=0,"",VLOOKUP(B13,'비품현황표(전체)'!$A$1:$F$273,6,FALSE)) | H13: 8
A14: 13 | B14: XFLUMA3 | C14: Flumazenil 0.3mg | D14: Flunil 0.3mg/3ml inj | E14: 5AMP/BOX | F14: 밀봉용기, 30℃이하 보관 | H14: 2
A15: 14 | B15: XHEPAR1 | C15: Heparin sodium 20000IU/20ml | D15: Heparin sod. 20000IU/20ml inj 중외 | E15: 10VIA/BOX | F15: 차광한 밀봉용기 | G15: =IF(VLOOKUP(B15,'비품현황표(전체)'!$A$1:$F$273,6,FALSE)=0,"",VLOOKUP(B15,'비품현황표(전체)'!$A$1:$F$273,6,FALSE)) -> 고위험의약품 | H15: 10
A16: 15 | B16: XVERAW | C16: Verapamil 5mg inj | D16: Isoptin 5mg inj(viatris) | E16: 10AMP/BOX | F16: 차광용기, 실온보관 | G16: =IF(VLOOKUP(B16,'비품현황표(전체)'!$A$1:$F$273,6,FALSE)=0,"",VLOOKUP(B16,'비품현황표(전체)'!$A$1:$F$273,6,FALSE)) | H16: 3
A17: 16 | B17: XFURO | C17: Furosemide 20mg | D17: Lasix 20mg inj | E17: 50AMP/BOX | F17: 밀봉용기 실온보관 차광. | G17: 유사모양 | H17: 1
A18: 17 | B18: XLID2W | C18: Lidocaine 2% 20mg/ml | D18: Lidocaine HCI 2% 20ml inj | E18: 10VIA/BOX | F18: 밀봉용기, 실온(1∼30℃)보관 | G18: =IF(VLOOKUP(B18,'비품현황표(전체)'!$A$1:$F$273,6,FALSE)=0,"",VLOOKUP(B18,'비품현황표(전체)'!$A$1:$F$273,6,FALSE)) | H18: 10
A19: 18 | B19: XMEXO | C19: Metoclopramide | D19: Macperan 10mg inj | E19: 50AMP/BOX | F19: 밀봉용기, 차광, 실온(1~30℃)보관 | G19: =IF(VLOOKUP(B19,'비품현황표(전체)'!$A$1:$F$273,6,FALSE)=0,"",VLOOKUP(B19,'비품현황표(전체)'!$A$1:$F$273,6,FALSE)) | H19: 2
A20: 19 | B20: NITR | C20: nitroglycerin | D20: Nitroglycerine 0.6mg tab | E20: 1tab | F20: 차광 기밀용기, 20도이하보관 | H20: 2
A21: 20 | B21: XNITR10F | C21: Nitroglycerin 10mg | D21: Nitrolingual 10mg inj | E21: 10 AMP/BOX | F21: 밀봉용기, 실온보관 | G21: 유사모양 | H21: 10
A22: 21 | B22: NITR14-SP | C22: Nitrolingual spray 14.4ml (nitroglycerin) | D22: Nitrolingual spray 14.4ml | E22: 1BTL/BOX | F22: 밀봉용기, 25℃이하 보관 | H22: 1
A23: 22 | B23: XNTPRUS | C23: Nitroprusside 50mg | D23: Nitropress 50mg inj | E23: 1VIAL/BOX | F23: 20～25℃, 차광보관 | G23: =IF(VLOOKUP(B23,'비품현황표(전체)'!$A$1:$F$273,6,FALSE)=0,"",VLOOKUP(B23,'비품현황표(전체)'!$A$1:$F$273,6,FALSE)) | H23: 2
A24: 23 | B24: XNORE10 | C24: Norepinephrine 10mg/10ml | D24: Norpin 10mg inj | E24: 10AMP/BOX | F24: 차광밀봉용기, 실온보관(1-30) | H24: 6
A25: 24 | B25: XCPENIR | C25: Chlorpheniramine | D25: Peniramin 4mg/2ml inj | E25: 100AMP/BOX | F25: 밀봉용기 | H25: 2
A26: 25 | B26: XPHEPH1 | C26: Phenylephrine 10mg inj | D26: Phenylephrine 1% 1ml inj | E26: 10VIA/BOX | F26: 차광 밀봉용기(15-30℃ 보관) | G26: =IF(VLOOKUP(B26,'비품현황표(전체)'!$A$1:$F$273,6,FALSE)=0,"",VLOOKUP(B26,'비품현황표(전체)'!$A$1:$F$273,6,FALSE)) | H26: 2
A27: 26 | B27: CLOPID | C27: Clopidogrel 75mg | D27: Plavix 75mg tab | E27: 100TAB/BTL | F27: 기밀용기, 실온보관(1~30℃) | G27: 유사모양 | H27: 16
A28: 27 | B28: XDEXMED2B | C28: Dexmedetomidine 199mcg | D28: Precedex 200mcg/50ml premix inj | E28: 20vial/box | F28: 밀봉용기, 15-30℃보관 | G28: =IF(VLOOKUP(B28,'비품현황표(전체)'!$A$1:$F$273,6,FALSE)=0,"",VLOOKUP(B28,'비품현황표(전체)'!$A$1:$F$273,6,FALSE)) -> 유사발음 | H28: 5
A29: 28 | B29: XPROT | C29: Protamine 50mg | D29: Protamine sulfate 50mg inj | E29: 5AMP/BOX | F29: 밀봉용기, 실온보존 | G29: =IF(VLOOKUP(B29,'비품현황표(전체)'!$A$1:$F$273,6,FALSE)=0,"",VLOOKUP(B29,'비품현황표(전체)'!$A$1:$F$273,6,FALSE)) | H29: 2
A30: 29 | B30: XNICORA | C30: nicorandil 48mg | D30: Sigmart 48mg inj | E30: 10VIAL/BOX | F30: 밀봉용기, 10℃ 이하 보관 | G30: =IF(VLOOKUP(B30,'비품현황표(전체)'!$A$1:$F$273,6,FALSE)=0,"",VLOOKUP(B30,'비품현황표(전체)'!$A$1:$F$273,6,FALSE)) | H30: 4
A31: 30 | B31: XTRAM100 | C31: Tramadol 100mg | D31: Tridol 100mg inj | E31: 50AMP/BOX | F31: 밀봉용기, 실온(1～30℃)보관 | G31: =IF(VLOOKUP(B31,'비품현황표(전체)'!$A$1:$F$273,6,FALSE)=0,"",VLOOKUP(B31,'비품현황표(전체)'!$A$1:$F$273,6,FALSE)) | H31: 2
D32: 보유비품약 품목수 | H32: 30

Sheet ADR
A1: NO | B1: 약품코드 | C1: 일반명 | D1: 영문상품명 | E1: 규격 | F1: 보관조건 | G1: 혼돈주의약품 | H1: 25.12.03
A2: 1 | B2: XAPH1 | C2: Acetaminophen 1g/100ml | D2: Acetphen 1g/100ml premix inj | E2: 1bag | F2: 실온보관(1~30℃), 밀봉용기 | H2: 1
A3: 2 | B3: XNICAR5 | D3: Binicapin 5mg/5ml inj | F3: 차광, 실온(1~30℃)보관 | G3: =IF(VLOOKUP(B3,'비품현황표(전체)'!$A$1:$F$273,6,FALSE)=0,"",VLOOKUP(B3,'비품현황표(전체)'!$A$1:$F$273,6,FALSE)) | H3: 10
A4: 3 | B4: XCALCIT1 | C4: Calcitriol 1mcg | D4: Bonky 1mcg inj | E4: 10AMP/BOX | F4: 차광밀봉용기, 상온보관 | G4: =IF(VLOOKUP(B4,'비품현황표(전체)'!$A$1:$F$273,6,FALSE)=0,"",VLOOKUP(B4,'비품현황표(전체)'!$A$1:$F$273,6,FALSE)) | H4: 20
A5: 4 | B5: XPCMOL | C5: Propacetamol 1g | D5: Denogan 1g inj | E5: 10VIA/BOX | F5: 차광밀봉용기, 1~25℃보관 | G5: =IF(VLOOKUP(B5,'비품현황표(전체)'!$A$1:$F$273,6,FALSE)=0,"",VLOOKUP(B5,'비품현황표(전체)'!$A$1:$F$273,6,FALSE)) | H5: 5
A6: 5 | B6: XDOPA4D2 | C6: Dopamine/D5W 400mg/200ml bag | D6: DOPamine/D5W 400mg/200ml bag CJ | E6: 30BAG/BOX | F6: 밀봉용기, 실온(1-30℃)보관 | G6: =IF(VLOOKUP(B6,'비품현황표(전체)'!$A$1:$F$273,6,FALSE)=0,"",VLOOKUP(B6,'비품현황표(전체)'!$A$1:$F$273,6,FALSE)) -> 유사발음 | H6: 1
A7: 6 | B7: XXEPOA10K | C7: Erythropoietin alpha 10,000IU | D7: Epokine pfs 10000iu inj | E7: 6SRG/BOX | F7: 밀봉용기, 2-8℃에서 냉장보관 | G7: =IF(VLOOKUP(B7,'비품현황표(전체)'!$A$1:$F$273,6,FALSE)=0,"",VLOOKUP(B7,'비품현황표(전체)'!$A$1:$F$273,6,FALSE)) | H7: 12
A8: 7 | B8: XXEPOA2 | C8: Erythropoetin alpha 2000IU | D8: Epokine pfs 2000iu inj | E8: 6SRG/BOX | F8: 밀봉용기, 2-8℃에서 냉장보관 | G8: =IF(VLOOKUP(B8,'비품현황표(전체)'!$A$1:$F$273,6,FALSE)=0,"",VLOOKUP(B8,'비품현황표(전체)'!$A$1:$F$273,6,FALSE)) | H8: 12
A9: 8 | B9: XXEPOA3K | C9: Erythropoetin alpha 3000IU | D9: Epokine pfs 3000iu inj | E9: 6SRG/BOX | F9: 밀봉용기, 2-8℃에서 냉장보관 | G9: =IF(VLOOKUP(B9,'비품현황표(전체)'!$A$1:$F$273,6,FALSE)=0,"",VLOOKUP(B9,'비품현황표(전체)'!$A$1:$F$273,6,FALSE)) | H9: 12
A10: 9 | B10: XXEPOA4K | C10: Erythropoetin alpha 4000IU | D10: Epokine pfs 4000iu inj | E10: 6SRG/BOX | F10: 밀봉용기, 2-8℃에서 냉장보관 | G10: =IF(VLOOKUP(B10,'비품현황표(전체)'!$A$1:$F$273,6,FALSE)=0,"",VLOOKUP(B10,'비품현황표(전체)'!$A$1:$F$273,6,FALSE)) | H10: 12
A11: 10 | B11: XXEPOA6K | C11: Erythropoetin alpha 6000IU | D11: Epokine pfs 6000iu inj | E11: 6SRG/BOX*16 | F11: 밀봉용기, 2-8℃에서 냉장보관 | G11: =IF(VLOOKUP(B11,'비품현황표(전체)'!$A$1:$F$273,6,FALSE)=0,"",VLOOKUP(B11,'비품현황표(전체)'!$A$1:$F$273,6,FALSE)) | H11: 12
A12: 11 | B12: XXEPOA8K | C12: Erythropoietin alpha 8000IU | D12: Epokine pfs 8000iu inj | E12: 6SRG/BOX | F12: 밀봉용기, 2-8℃에서 냉장보관 | G12: =IF(VLOOKUP(B12,'비품현황표(전체)'!$A$1:$F$273,6,FALSE)=0,"",VLOOKUP(B12,'비품현황표(전체)'!$A$1:$F$273,6,FALSE)) | H12: 6
A13: 12 | B13: XNFMOS50 | C13: Nafamostat 50mg | D13: Futhan 50mg inj | E13: 10VIA/BOX | F13: 차광, 밀봉용기, 실온(1-30℃)보관 | G13: =IF(VLOOKUP(B13,'비품현황표(전체)'!$A$1:$F$273,6,FALSE)=0,"",VLOOKUP(B13,'비품현황표(전체)'!$A$1:$F$273,6,FALSE)) | H13: 10
A14: 13 | B14: XHYOS2Y | C14: Hyspan 20mg inj | D14: Hyspan 20mg inj | E14: 50AMP/BOX | F14: 차광밀봉용기, 실온(1~30℃)보관 | H14: 2
A15: 14 | B15: XKROL | C15: Ketorolac tromethamine 30mg | D15: Keromin 30mg Inj | E15: 50AMP/BOX | F15: 차광밀봉용기, 실온(1-30℃)보관 | G15: =IF(VLOOKUP(B15,'비품현황표(전체)'!$A$1:$F$273,6,FALSE)=0,"",VLOOKUP(B15,'비품현황표(전체)'!$A$1:$F$273,6,FALSE)) | H15: 2
A16: 15 | B16: XMEXO | C16: Metoclopramide | D16: Macperan 10mg inj | E16: 50AMP/BOX | F16: 밀봉용기, 차광, 실온(1~30℃)보관 | G16: =IF(VLOOKUP(B16,'비품현황표(전체)'!$A$1:$F$273,6,FALSE)=0,"",VLOOKUP(B16,'비품현황표(전체)'!$A$1:$F$273,6,FALSE)) | H16: 2
A17: 16 | B17: X20M1X | C17: Mannitol(D-) 20% 100ml | D17: Mannitol 20% 100ml bag대한 | E17: 50BAG/BOX | F17: 밀봉용기 | G17: =IF(VLOOKUP(B17,'비품현황표(전체)'!$A$1:$F$273,6,FALSE)=0,"",VLOOKUP(B17,'비품현황표(전체)'!$A$1:$F$273,6,FALSE)) | H17: 1
A18: 17 | B18: XXEPOB360 | D18: Mircera 360mcg pfs | F18: 냉장 차광보관 | H18: 3
A19: 18 | B19: XXEPOB120 | C19: Methoxy polyethylene glycol-epoetin β 120mcg | D19: Micera 120mcg pfs | E19: 1SRG/BOX | F19: 냉장 차광보관 | H19: 2
A20: 19 | B20: XXEPOB200 | C20: Methoxy polyethylene glycol-epoetin β 200mcg | D20: Micera 200mcg pfs | E20: 1SRG/BOX | F20: 냉장 차광보관 | H20: 5
A21: 20 | B21: XXEPOB75 | C21: Methoxy polyethylene glycol-epoetin β 75mcg | D21: Mircera 75mcg pfs | E21: 1SRG/BOX | F21: 냉장 차광보관 | H21: 2
A22: 21 | B22: X5NEPH2W | C22: Amino acid - nephsol | D22: Nephsol 250ml bag | E22: 20BAG/BOX | F22: 밀봉용기, 실온(1∼30℃) 보관 | G22: =IF(VLOOKUP(B22,'비품현황표(전체)'!$A$1:$F$273,6,FALSE)=0,"",VLOOKUP(B22,'비품현황표(전체)'!$A$1:$F$273,6,FALSE)) | H22: 7
A23: 22 | B23: XXDABE20 | C23: Darbepoetin alfa 20mcg | D23: Nesbell 20mcg/0.5ml pfs | E23: 1SRG/BOX | F23: 밀봉용기, 2～8℃ 차광보관, 동결시키거나 진탕하지 말 것 | G23: =IF(VLOOKUP(B23,'비품현황표(전체)'!$A$1:$F$273,6,FALSE)=0,"",VLOOKUP(B23,'비품현황표(전체)'!$A$1:$F$273,6,FALSE)) | H23: 20
A24: 23 | B24: XXDABE30 | C24: Darbepoetin alfa 30mcg | D24: Nesbell 30mcg/0.5ml pfs | E24: 1SRG/BOX | F24: 밀봉용기, 2～8℃ 차광보관, 동결시키거나 진탕하지 말 것 | G24: =IF(VLOOKUP(B24,'비품현황표(전체)'!$A$1:$F$273,6,FALSE)=0,"",VLOOKUP(B24,'비품현황표(전체)'!$A$1:$F$273,6,FALSE)) | H24: 13
A25: 24 | B25: XXDABE40 | C25: Darbepoetin alfa 40mcg | D25: Nesbell 40mcg/0.5ml pfs | E25: 1SRG/BOX | F25: 밀봉용기, 2～8℃ 차광보관, 동결시키거나 진탕하지 말 것 | G25: =IF(VLOOKUP(B25,'비품현황표(전체)'!$A$1:$F$273,6,FALSE)=0,"",VLOOKUP(B25,'비품현황표(전체)'!$A$1:$F$273,6,FALSE)) | H25: 13
A26: 25 | B26: XXDABE60 | C26: Darbepoetin alfa 60mcg | D26: Nesbell 60mcg/0.5ml pfs | E26: 1SRG/BOX | F26: 밀봉용기, 2～8℃ 차광보관, 동결시키거나 진탕하지 말 것 | G26: =IF(VLOOKUP(B26,'비품현황표(전체)'!$A$1:$F$273,6,FALSE)=0,"",VLOOKUP(B26,'비품현황표(전체)'!$A$1:$F$273,6,FALSE)) | H26: 13
A27: 26 | B27: XXDABE120 | C27: Darbepoetin alfa 120mcg | D27: Nesbell 120mcg/0.5ml pfs | E27: 1SRG/BOX | F27: 밀봉용기, 2～8℃ 차광보관, 동결시키거나 진탕하지 말 것 | G27: =IF(VLOOKUP(B27,'비품현황표(전체)'!$A$1:$F$273,6,FALSE)=0,"",VLOOKUP(B27,'비품현황표(전체)'!$A$1:$F$273,6,FALSE)) | H27: 10
A28: 27 | B28: XNORE10 | C28: Norepinephrine 10mg/10ml | D28: Norpin 10mg inj | E28: 10AMP/BOX | F28: 차광밀봉용기, 실온보관(1-30) | G28: =IF(VLOOKUP(B28,'비품현황표(전체)'!$A$1:$F$273,6,FALSE)=0,"",VLOOKUP(B28,'비품현황표(전체)'!$A$1:$F$273,6,FALSE)) | H28: 3
A29: 28 | B29: XNTENS5 | D29: Ntense EF 506mL inj | F29: 밀봉용기, 실온(1 ~ 25℃) 보관 | H29: 3
A30: 29 | B30: XPCALC5Y | C30: Paricalcitol 5mcg/ml | D30: Pacitol 5mcg/ml inj | E30: 5AMP/BOX | F30: 밀봉용기, 실온(25℃이하 보관) | G30: =IF(VLOOKUP(B30,'비품현황표(전체)'!$A$1:$F$273,6,FALSE)=0,"",VLOOKUP(B30,'비품현황표(전체)'!$A$1:$F$273,6,FALSE)) | H30: 20
A31: 30 | B31: XCPENIR | C31: Chlorpheniramine | D31: Peniramin 4mg/2ml inj | E31: 100AMP/BOX | F31: 밀봉용기 | G31: =IF(VLOOKUP(B31,'비품현황표(전체)'!$A$1:$F$273,6,FALSE)=0,"",VLOOKUP(B31,'비품현황표(전체)'!$A$1:$F$273,6,FALSE)) | H31: 5
A32: 31 | B32: X1PHY2 | C32: Physioneal*1.5% 2L 2bag | D32: Physioneal 1.5% 2L two bag | E32: 1BAG | F32: 밀봉용기, 동결하지 않고 25℃이하에서 보관 | G32: =IF(VLOOKUP(B32,'비품현황표(전체)'!$A$1:$F$273,6,FALSE)=0,"",VLOOKUP(B32,'비품현황표(전체)'!$A$1:$F$273,6,FALSE)) -> 유사모양 | H32: 2
A33: 32 | B33: X2PHY2 | C33: Physioneal*2.5% 2L 2bag | D33: Physioneal 2.5% 2L two bag | E33: 1BAG | F33: 밀봉용기, 동결하지 않고 25℃이하에서 보관 | G33: =IF(VLOOKUP(B33,'비품현황표(전체)'!$A$1:$F$273,6,FALSE)=0,"",VLOOKUP(B33,'비품현황표(전체)'!$A$1:$F$273,6,FALSE)) -> 유사모양 | H33: 2
A34: 33 | B34: XTRAM50 | C34: Tramadol 50mg/ml | D34: Tridol 50mg inj | E34: 50AMP/BOX | F34: 밀봉용기, 실온(1～30℃)보관 | G34: =IF(VLOOKUP(B34,'비품현황표(전체)'!$A$1:$F$273,6,FALSE)=0,"",VLOOKUP(B34,'비품현황표(전체)'!$A$1:$F$273,6,FALSE)) | H34: 10
A35: 34 | B35: XIRONSU | C35: Iron Sucrose 100mg/5ml amp | D35: Venoferrum 100mg(Fe)/5ml inj | E35: 5AMP/BOX | F35: 밀봉용기, 25℃이하 암소보관. | G35: =IF(VLOOKUP(B35,'비품현황표(전체)'!$A$1:$F$273,6,FALSE)=0,"",VLOOKUP(B35,'비품현황표(전체)'!$A$1:$F$273,6,FALSE)) | H35: 20
D36: 보유비품약 품목수 | H36: 34

Sheet DSR
A1: NO | B1: 약품코드 | C1: 일반명 | D1: 영문상품명 | E1: 규격 | F1: 보관조건 | G1: 혼돈주의약품 | H1: 25.07.18
A2: 1 | B2: XAPH1 | C2: Acetaminophen 1g/100ml | D2: Acetphen 1g/100ml premix inj | E2: 1bag | F2: 실온보관(1~30℃), 밀봉용기 | H2: 2
A3: 2 | B3: XCZEDO | C3: Cefazedone 1g | D3: Cefazedone 1g inj | E3: 10VIA/BOX | F3: 밀봉용기, 실온보관 | G3: =IF(VLOOKUP(B3,'비품현황표(전체)'!$A$1:$F$273,6,FALSE)=0,"",VLOOKUP(B3,'비품현황표(전체)'!$A$1:$F$273,6,FALSE)) | H3: 4
A4: 3 | B4: XCZOL1W | C4: Cefazolin 1g inj | D4: Cefazolin 1g inj | E4: 10VIA/BOX | F4: 밀봉용기, 실온보관 | G4: =IF(VLOOKUP(B4,'비품현황표(전체)'!$A$1:$F$273,6,FALSE)=0,"",VLOOKUP(B4,'비품현황표(전체)'!$A$1:$F$273,6,FALSE)) | H4: 1
A5: 4 | B5: XCMTAZ | C5: cefmetazole 1g inj | D5: Ceftacin 1g inj | E5: 11VIA/BOX | F5: 밀봉용기, 실온보관 | G5: =IF(VLOOKUP(B5,'비품현황표(전체)'!$A$1:$F$273,6,FALSE)=0,"",VLOOKUP(B5,'비품현황표(전체)'!$A$1:$F$273,6,FALSE)) | H5: 2
A6: 5 | B6: MISOP2 | C6: Misoprostol 200mcg | D6: Cytotec 200mcg tab | E6: 120TAB/BTL | F6: 기밀용기, 실온보관(1-30℃) | G6: =IF(VLOOKUP(B6,'비품현황표(전체)'!$A$1:$F$273,6,FALSE)=0,"",VLOOKUP(B6,'비품현황표(전체)'!$A$1:$F$273,6,FALSE)) | H6: 8
A7: 6 | B7: XCZEDO2G | D7: Fazidone 2g inj | F7: 실온보관, 밀봉용기 | G7: =IF(VLOOKUP(B7,'비품현황표(전체)'!$A$1:$F$273,6,FALSE)=0,"",VLOOKUP(B7,'비품현황표(전체)'!$A$1:$F$273,6,FALSE)) | H7: 4
A8: 7 | B8: XFMXEF | C8: Flomoxef sodium 500mg | D8: Flumarin 0.5g inj | E8: 10VIA/BOX | F8: 실온보관, 밀봉용기 | G8: =IF(VLOOKUP(B8,'비품현황표(전체)'!$A$1:$F$273,6,FALSE)=0,"",VLOOKUP(B8,'비품현황표(전체)'!$A$1:$F$273,6,FALSE)) -> 유사발음 | H8: 2
A9: 8 | B9: XCOXIT | D9: Pacetin 1g inj | F9: 밀봉용기, 30℃이하에서저장 | G9: =IF(VLOOKUP(B9,'비품현황표(전체)'!$A$1:$F$273,6,FALSE)=0,"",VLOOKUP(B9,'비품현황표(전체)'!$A$1:$F$273,6,FALSE)) | H9: 2
D10: 보유비품종류 | H10: 8

Sheet HEART
A1: NO | B1: 약품코드 | C1: 일반명 | D1: 영문상품명 | E1: 규격 | F1: 보관조건 | G1: 혼돈주의약품 | H1: 23.03.21
A2: 1 | B2: X20AL1S | C2: Albumin 20% 100ml(SK) | D2: Albumin(SK) 20% 100ml inj | E2: 20BTL/BOX | F2: =VLOOKUP(B2,'비품현황표(전체)'!$A1:$AT274,5,FALSE) -> 밀봉용기, 30℃이하에서 동결을 피하여 보관 | G2: =IF(VLOOKUP(B2,'비품현황표(전체)'!$A$1:$F$273,6,FALSE)=0,"",VLOOKUP(B2,'비품현황표(전체)'!$A$1:$F$273,6,FALSE)) -> 용량고주의 | H2: 0
A3: 2 | B3: XHTK1-L | C3: HTK solution 1L | D3: Custodiol solution | E3: 6BAG/BOX | F3: =VLOOKUP(B3,'비품현황표(전체)'!$A6:$AT275,5,FALSE) -> #N/A | G3: =IF(VLOOKUP(B3,'비품현황표(전체)'!$A$1:$F$273,6,FALSE)=0,"",VLOOKUP(B3,'비품현황표(전체)'!$A$1:$F$273,6,FALSE)) -> #N/A | H3: 0
A4: 3 | B4: XHEPAR5 | C4: Heparin sodium 25000u | D4: Heparin sod. 25000IU/5ml inj | E4: 10VIA/BOX | F4: =VLOOKUP(B4,'비품현황표(전체)'!$A7:$AT276,5,FALSE) -> 밀봉용기, 실온보존 | G4: =IF(VLOOKUP(B4,'비품현황표(전체)'!$A$1:$F$273,6,FALSE)=0,"",VLOOKUP(B4,'비품현황표(전체)'!$A$1:$F$273,6,FALSE)) -> 고위험의약품 | H4: 0
A5: 4 | B5: XK20 | C5: KCl 20mEq/20ml plastic amp | D5: KCl 20mEq/20ml inj | E5: 50AMP/BOX | F5: =VLOOKUP(B5,'비품현황표(전체)'!$A8:$AT277,5,FALSE) -> #N/A | G5: =IF(VLOOKUP(B5,'비품현황표(전체)'!$A$1:$F$273,6,FALSE)=0,"",VLOOKUP(B5,'비품현황표(전체)'!$A$1:$F$273,6,FALSE)) -> #N/A | H5: 0
A6: 5 | B6: XFURO | C6: Furosemide 20mg | D6: Lasix 20mg inj | E6: 50AMP/BOX | F6: =VLOOKUP(B6,'비품현황표(전체)'!$A11:$AT278,5,FALSE) -> 밀봉용기 실온보관 차광. | G6: =IF(VLOOKUP(B6,'비품현황표(전체)'!$A$1:$F$273,6,FALSE)=0,"",VLOOKUP(B6,'비품현황표(전체)'!$A$1:$F$273,6,FALSE)) -> 유사모양 | H6: 0
A7: 6 | B7: XLID1 | C7: Lidocaine 1% 20ml | D7: Lidocaine HCI 1% 20ml inj | E7: 10VIA/BOX | F7: =VLOOKUP(B7,'비품현황표(전체)'!$A13:$AT279,5,FALSE) -> #N/A | G7: =IF(VLOOKUP(B7,'비품현황표(전체)'!$A$1:$F$273,6,FALSE)=0,"",VLOOKUP(B7,'비품현황표(전체)'!$A$1:$F$273,6,FALSE)) -> #N/A | H7: 0
A8: 7 | B8: XMGSF10 | C8: MgSO4 10% 20ml | D8: Magnesium sulfate 10% 20ml inj | E8: 50AMP/BOX | F8: =VLOOKUP(B8,'비품현황표(전체)'!$A13:$AT280,5,FALSE) -> 밀봉용기, 실온(1∼30℃)보관 | G8: =IF(VLOOKUP(B8,'비품현황표(전체)'!$A$1:$F$273,6,FALSE)=0,"",VLOOKUP(B8,'비품현황표(전체)'!$A$1:$F$273,6,FALSE)) | H8: 0
A9: 8 | B9: X20M1X | C9: Mannitol(D-) 20% 100ml | D9: Mannitol 20% 100ml bag대한 | E9: 50BAG/BOX | F9: =VLOOKUP(B9,'비품현황표(전체)'!$A13:$AT281,5,FALSE) -> 밀봉용기 | G9: =IF(VLOOKUP(B9,'비품현황표(전체)'!$A$1:$F$273,6,FALSE)=0,"",VLOOKUP(B9,'비품현황표(전체)'!$A$1:$F$273,6,FALSE)) | H9: 0
A10: 9 | B10: XPHEPH1 | C10: Phenylephrine 10mg inj | D10: Phenylephrine 1% 1ml inj | E10: 10VIA/BOX | F10: =VLOOKUP(B10,'비품현황표(전체)'!$A13:$AT282,5,FALSE) -> 차광 밀봉용기(15-30℃ 보관) | G10: =IF(VLOOKUP(B10,'비품현황표(전체)'!$A$1:$F$273,6,FALSE)=0,"",VLOOKUP(B10,'비품현황표(전체)'!$A$1:$F$273,6,FALSE)) | H10: 0
A11: 10 | B11: XPLASMA | C11: Plasma solution A 1L bag | D11: PLASMA solution A 1L bag | E11: 1BAG | F11: =VLOOKUP(B11,'비품현황표(전체)'!$A13:$AT283,5,FALSE) -> #N/A | G11: =IF(VLOOKUP(B11,'비품현황표(전체)'!$A$1:$F$273,6,FALSE)=0,"",VLOOKUP(B11,'비품현황표(전체)'!$A$1:$F$273,6,FALSE)) -> #N/A | H11: 0
A12: 11 | B12: XMPD5 | C12: Methylprednisolone Na succinate 500mg | D12: Predi-Sol 500mg inj | E12: 10VIA/BOX | F12: =VLOOKUP(B12,'비품현황표(전체)'!$A13:$AT284,5,FALSE) -> #N/A | G12: =IF(VLOOKUP(B12,'비품현황표(전체)'!$A$1:$F$273,6,FALSE)=0,"",VLOOKUP(B12,'비품현황표(전체)'!$A$1:$F$273,6,FALSE)) -> #N/A | H12: 0
A13: 12 | B13: XNB84 | C13: NaHCO3 8.4% 20ml amp | D13: Sod.bicarbonate 8.4% 20ml inj | E13: 50AMP/BOX | F13: =VLOOKUP(B13,'비품현황표(전체)'!$A14:$AT285,5,FALSE) -> 밀봉용기, 실온보관(1~30℃) | G13: =IF(VLOOKUP(B13,'비품현황표(전체)'!$A$1:$F$273,6,FALSE)=0,"",VLOOKUP(B13,'비품현황표(전체)'!$A$1:$F$273,6,FALSE)) | H13: 0
D14: 보유비품종류 | H14: 0
D18: 기사님 010-2796-3656

Sheet PED
A1: NO | B1: 약품코드 | C1: 일반명 | D1: 영문상품명 | E1: 규격 | F1: 보관조건 | G1: 혼돈주의약품 | H1: 26.0519
A2: 1 | B2: XXTDAP5W | D2: Adacel 0.5ml PFS | F2: 동결을 피하여 2∼8℃에서 보관 | G2: =IF(VLOOKUP(B2,'비품현황표(전체)'!$A$1:$F$273,6,FALSE)=0,"",VLOOKUP(B2,'비품현황표(전체)'!$A$1:$F$273,6,FALSE)) | H2: 5
A3: 2 | B3: BCG-H | C3: Freeze-dried glutamate BCG vac for percutaneous | D3: BCG vac.percutaneous 12mg/1.5ml | E3: 1amp | F3: 밀봉용기, 10℃이하 보관 | G3: =IF(VLOOKUP(B3,'비품현황표(전체)'!$A$1:$F$273,6,FALSE)=0,"",VLOOKUP(B3,'비품현황표(전체)'!$A$1:$F$273,6,FALSE)) | H3: 2
A4: 3 | B4: XTRIPTO3W | D4: DIPHERELINE PR 3.75mg inj | F4: 밀봉용기,25℃이하 보관 | H4: 10
A5: 4 | B5: XTRIPTO11 | C5: Triptorelin 11.25mg | D5: Diphereline PR 11.25mg inj | E5: 1VIAL | F5: 밀봉용기, 25℃이하 보관 | G5: =IF(VLOOKUP(B5,'비품현황표(전체)'!$A$1:$F$273,6,FALSE)=0,"",VLOOKUP(B5,'비품현황표(전체)'!$A$1:$F$273,6,FALSE)) | H5: 5
A6: 5 | B6: XXDPT.5W | C6: DTaP vaccine 0.5ml pfs | D6: DTaP 0.5ml vaccine(Boryung) | E6: 10SRG/BOX | F6: 밀봉용기, 2-8℃에서 동결을 피하여 보관 | G6: =IF(VLOOKUP(B6,'비품현황표(전체)'!$A$1:$F$273,6,FALSE)=0,"",VLOOKUP(B6,'비품현황표(전체)'!$A$1:$F$273,6,FALSE)) | H6: 1
A7: 6 | B7: XEPIN | C7: Epinephrine HCl 1mg | D7: Epinephrine 1mg/1ml inj | E7: 50AMP/BOX | F7: 차광밀봉용기, 25℃이하 보관, 냉장보관하지 말 것. | G7: 유사발음 | H7: 1
A8: 7 | B8: XEUV-P | C8: Purified hepatitis B surface antigen protein 10mcg | D8: Euvax-B 0.5ml inj | E8: 20VIA/BOX | F8: 밀봉용기, 2-8℃에서 보관 | G8: =IF(VLOOKUP(B8,'비품현황표(전체)'!$A$1:$F$273,6,FALSE)=0,"",VLOOKUP(B8,'비품현황표(전체)'!$A$1:$F$273,6,FALSE)) | H8: 2
A9: 8 | B9: XXHPV4 | C9: Human papillomavirus vaccine pfs | D9: Gardasil 0.5ml pfs | E9: 10SRG/BOX | F9: 밀봉용기, 2∼8℃에서 냉장보관, 얼리지 말 것, 차광 | G9: =IF(VLOOKUP(B9,'비품현황표(전체)'!$A$1:$F$273,6,FALSE)=0,"",VLOOKUP(B9,'비품현황표(전체)'!$A$1:$F$273,6,FALSE)) | H9: 3
A10: 9 | B10: XXPOLI5W | C10: Poliovirus vaccine | D10: IPVAX 0.5ml inj | E10: 5SRG/BOX | F10: 밀봉용기, 2~8°C 보관 | G10: =IF(VLOOKUP(B10,'비품현황표(전체)'!$A$1:$F$273,6,FALSE)=0,"",VLOOKUP(B10,'비품현황표(전체)'!$A$1:$F$273,6,FALSE)) | H10: 1
A11: 10 | B11: XXHEXA6 | D11: Hexaxim pfs inj | F11: 동결을 피하여 2~8 ℃에서 차광하여 냉장보관 | H11: 3
A12: 11 | B12: XJENCVB2 | C12: Inactivated Cell Culture-derived J.E.V | D12: J.E.V 0.4ml inj (Cell Culture) | E12: 10VIA/BOX | F12: 밀봉용기, 차광하여 2~8℃에서 냉장보관 | G12: =IF(VLOOKUP(B12,'비품현황표(전체)'!$A$1:$F$273,6,FALSE)=0,"",VLOOKUP(B12,'비품현황표(전체)'!$A$1:$F$273,6,FALSE)) | H12: 2
A13: 12 | B13: XJENCVB | C13: Inactivated Cell Culture-derived J.E.Virus | D13: J.E.V 0.7ml inj (Cell Culture) | E13: 10VIA/BOX | F13: 밀봉용기, 차광하여 2~8℃에서 냉장보관 | G13: =IF(VLOOKUP(B13,'비품현황표(전체)'!$A$1:$F$273,6,FALSE)=0,"",VLOOKUP(B13,'비품현황표(전체)'!$A$1:$F$273,6,FALSE)) | H13: 5
A14: 13 | B14: XXLEUPD11 | C14: Leuprolide acetate 11.25mg | D14: LEUPLIN DPS 11.25mg Inj | E14: 1 SRG/BOX | F14: 밀봉용기, 실온(1~30℃)보관, | G14: =IF(VLOOKUP(B14,'비품현황표(전체)'!$A$1:$F$273,6,FALSE)=0,"",VLOOKUP(B14,'비품현황표(전체)'!$A$1:$F$273,6,FALSE)) -> 용량고주의 | H14: 10
A15: 14 | B15: XLEUPD375 | C15: Leuprolide acetate 3.75mg vial | D15: Leuplin vial 3.75mg | E15: 1 VIAL/BOX | F15: 밀봉용기, 실온(1∼30℃)보관 | G15: =IF(VLOOKUP(B15,'비품현황표(전체)'!$A$1:$F$273,6,FALSE)=0,"",VLOOKUP(B15,'비품현황표(전체)'!$A$1:$F$273,6,FALSE)) -> 용량고주의 | H15: 10
A16: 15 | B16: XMEXO | C16: Metoclopramide | D16: Macperan 10mg inj | E16: 50AMP/BOX | F16: 밀봉용기, 차광, 실온(1~30℃)보관 | G16: =IF(VLOOKUP(B16,'비품현황표(전체)'!$A$1:$F$273,6,FALSE)=0,"",VLOOKUP(B16,'비품현황표(전체)'!$A$1:$F$273,6,FALSE)) | H16: 3
A17: 16 | B17: XMMR2 | C17: MMR virus vaccine 0.5ml | D17: MMR II 0.5ml inj | E17: 5VIAL/BOX | F17: 밀봉용기 2 ~ 8℃에서 보관 | G17: =IF(VLOOKUP(B17,'비품현황표(전체)'!$A$1:$F$273,6,FALSE)=0,"",VLOOKUP(B17,'비품현황표(전체)'!$A$1:$F$273,6,FALSE)) | H17: 2
A18: 17 | B18: XXDTPHBP | C18: DTPPHIB vaccine inj | D18: Pentaxim inj | E18: 0.5ml/SRG | F18: 동결을 피하여 2～8℃에 냉장보관, 밀봉용기 | G18: =IF(VLOOKUP(B18,'비품현황표(전체)'!$A$1:$F$273,6,FALSE)=0,"",VLOOKUP(B18,'비품현황표(전체)'!$A$1:$F$273,6,FALSE)) | H18: 2
A19: 18 | B19: XPNEUM20P | D19: Prevenar 20 pfs (소아) | F19: 밀봉용기, 냉장(2~8℃)보관 | H19: 3
A20: 19 | B20: XHGRH | C20: Relicheck 0.1mg inj | D20: Relicheck 0.1mg inj | F20: 밀봉용기, 1~25℃ 보관 | H20: 5
A21: 20 | B21: ROTARIX-S | C21: Live attenuated human rotavirus | D21: Rotarix prefilled 1.5ml | E21: 10SRG/BOX | F21: 2~8℃ 냉장 보관 | G21: =IF(VLOOKUP(B21,'비품현황표(전체)'!$A$1:$F$273,6,FALSE)=0,"",VLOOKUP(B21,'비품현황표(전체)'!$A$1:$F$273,6,FALSE)) | H21: 2
A22: 21 | B22: ROVAV2-S | C22: 5 live reassortant rotaviruses | D22: Rotateq sol 2ml | E22: 2ML*10TUB/BOX | F22: 밀봉용기, 2∼8℃에서 차광보관 | G22: =IF(VLOOKUP(B22,'비품현황표(전체)'!$A$1:$F$273,6,FALSE)=0,"",VLOOKUP(B22,'비품현황표(전체)'!$A$1:$F$273,6,FALSE)) | H22: 5
A23: 22 | B23: XVARICVS | C23: VARICELAZOSTER | D23: Sky Varicella 0.5ml inj | E23: 5VIAL/BOX | F23: 밀봉용기, 차광하여 2~8℃에서 냉장보관 | G23: =IF(VLOOKUP(B23,'비품현황표(전체)'!$A$1:$F$273,6,FALSE)=0,"",VLOOKUP(B23,'비품현황표(전체)'!$A$1:$F$273,6,FALSE)) | H23: 2
A24: 23 | B24: XPPD | C24: Tuberculin PPD | D24: Tuberculin PPD RT 23 | E24: 10VIA/BOX | F24: 2-8℃ 차광보관/개봉후 2-8℃ 보관하고 24시간 이내 사용 | G24: =IF(VLOOKUP(B24,'비품현황표(전체)'!$A$1:$F$273,6,FALSE)=0,"",VLOOKUP(B24,'비품현황표(전체)'!$A$1:$F$273,6,FALSE)) | H24: 1
A25: 24 | B25: XXHAV.5W | C25: Hepatitis A vaccine 80U | D25: Vaqta 0.5ml pfs(ped)-25IU | E25: 1amp | F25: 밀봉용기, 동결을 피하여 2～8℃에서 차광보관 | G25: =IF(VLOOKUP(B25,'비품현황표(전체)'!$A$1:$F$273,6,FALSE)=0,"",VLOOKUP(B25,'비품현황표(전체)'!$A$1:$F$273,6,FALSE)) | H25: 2
A26: 25 | B26: XHINFB5 | C26: H.influenzae B comb. with toxoids | D26: euHIB 0.5ml inj | E26: 10 SRG/BOX | F26: 밀봉용기, 동결을 피하여 2～8℃에서 보관 | G26: =IF(VLOOKUP(B26,'비품현황표(전체)'!$A$1:$F$273,6,FALSE)=0,"",VLOOKUP(B26,'비품현황표(전체)'!$A$1:$F$273,6,FALSE)) | H26: 1
A27: 26 | B27: SALB-NB | C27: Salbutamol inhalation nebule 2.5mg | D27: Ventolin nebule 2.5mg | E27: 20AMP/BOX*54 | F27: 기밀용기, 30℃이하 차광보관 | G27: 유사모양 | H27: 1
A28: 27 | B28: BUD2-RP | C28: Budesonide nebulizer 0.5mg/2ml amp | D28: Pulmican sus 0.5mg/2ml amp | E28: 30AMP/BOX | F28: 기밀용기, 실온(1~30℃)보관 | G28: 유사모양 | H28: 1
A29: 28 | B29: ACYST-A | C29: Acetylcysteine 20% 4ml sol | D29: Mucomyst 20% 4ml sol | E29: 10VIA/BOX | F29: 기밀용기,실온에서 차광보존 | G29: 유사모양 | H29: 1
D30: 보유비품약 품목수 | H30: 28

Sheet INJ
A1: NO | B1: 약품코드 | C1: 일반명 | D1: 영문상품명 | E1: 규격 | F1: 보관조건 | G1: 혼돈주의약품 | H1: 26.06.08
A2: 1 | B2: XXARIPIP3 | C2: Aripiprazole 300mg inj | D2: Abilify maintena 300mg inj | E2: 1SRG/BOX | F2: 차광 밀봉용기, 실온보관(1~30℃) | G2: =IF(VLOOKUP(B2,'비품현황표(전체)'!$A$1:$F$273,6,FALSE)=0,"",VLOOKUP(B2,'비품현황표(전체)'!$A$1:$F$273,6,FALSE)) | H2: 3
A3: 2 | B3: XXARIPIP4 | C3: Aripiprazole 400mg inj | D3: ABILIFY maintena 400MG inj | E3: 1SRG/BOX | F3: 차광 밀봉용기, 실온보관(1~30℃) | G3: =IF(VLOOKUP(B3,'비품현황표(전체)'!$A$1:$F$273,6,FALSE)=0,"",VLOOKUP(B3,'비품현황표(전체)'!$A$1:$F$273,6,FALSE)) | H3: 3
A4: 3 | B4: XXARPIP72 | D4: Abilify asimtufii 720mg inj | F4: 밀봉용기, 실온보관(1~30℃) | H4: 3
A5: 4 | B5: XXARPIP96 | D5: Abilify asimtufii 960mg inj | F5: 밀봉용기, 실온보관(1~30℃) | H5: 3
A6: 5 | B6: XXTDAP5W | D6: Adacel 0.5ml PFS | F6: 동결을 피하여 2∼8℃에서 보관 | G6: =IF(VLOOKUP(B6,'비품현황표(전체)'!$A$1:$F$273,6,FALSE)=0,"",VLOOKUP(B6,'비품현황표(전체)'!$A$1:$F$273,6,FALSE)) | H6: 5
A7: 6 | B7: XPALON | C7: Palonsetron 0.05mg/ml | D7: Aloxi 0.25mg/5ml Inj | E7: 1VIAL/BOX | F7: 실온(1∼30℃)보관, 밀봉용기, 빛을 피하여 보관 | G7: =IF(VLOOKUP(B7,'비품현황표(전체)'!$A$1:$F$273,6,FALSE)=0,"",VLOOKUP(B7,'비품현황표(전체)'!$A$1:$F$273,6,FALSE)) -> 용량고주의 | H7: 3
A8: 7 | B8: XC500 | C8: Ascorbic acid 500mg/2ml inj | D8: Ascorbic acid 500mg/2ml inj | E8: 50AMP/BOX | F8: 차광밀봉용기,실온(1~30℃)보관 | G8: =IF(VLOOKUP(B8,'비품현황표(전체)'!$A$1:$F$273,6,FALSE)=0,"",VLOOKUP(B8,'비품현황표(전체)'!$A$1:$F$273,6,FALSE)) -> 유사모양 | H8: 6
A9: 8 | B9: XXHAV16W | C9: Hepatitis A vaccine 160U | D9: Avaxim 160u(adult) inj | E9: 1SRG/BOX | F9: 밀봉용기, 동결을 피하여 2∼8℃에서 차광보관 | G9: =IF(VLOOKUP(B9,'비품현황표(전체)'!$A$1:$F$273,6,FALSE)=0,"",VLOOKUP(B9,'비품현황표(전체)'!$A$1:$F$273,6,FALSE)) | H9: 5
A10: 9 | B10: XAMPSUL15 | D10: Bactacin 1.5g inj | F10: 밀봉용기, 실온보관 | G10: =IF(VLOOKUP(B10,'비품현황표(전체)'!$A$1:$F$273,6,FALSE)=0,"",VLOOKUP(B10,'비품현황표(전체)'!$A$1:$F$273,6,FALSE)) -> 유사발음 | H10: 2
A11: 10 | B11: XBH | C11: Beecom hexa* | D11: Beecom hexa 2ml inj | E11: 50AMP/BOX | F11: 실온, 차광보관, 밀봉용기 | G11: =IF(VLOOKUP(B11,'비품현황표(전체)'!$A$1:$F$273,6,FALSE)=0,"",VLOOKUP(B11,'비품현황표(전체)'!$A$1:$F$273,6,FALSE)) | H11: 2
A12: 11 | B12: XIBAND3W | C12: Ibandronate 3mg (PFS) | D12: Bonviva inj 3mg/3ml (PFS) | E12: 1SRG/BOX | F12: 밀봉용기, 실온(1-30℃)보관 | G12: =IF(VLOOKUP(B12,'비품현황표(전체)'!$A$1:$F$273,6,FALSE)=0,"",VLOOKUP(B12,'비품현황표(전체)'!$A$1:$F$273,6,FALSE)) | H12: 3
A13: 12 | B13: XXPCV21 | D13: Capvaxive 21 pfs | F13: 밀봉용기, 동결을 피하여 냉장(2~8℃) 보관, 차광 보관. | H13: 2
A14: 13 | B14: XCZEDO | C14: Cefazedone 1g | D14: Cefazedone 1g inj | E14: 10VIA/BOX | F14: 밀봉용기, 실온보관 | G14: =IF(VLOOKUP(B14,'비품현황표(전체)'!$A$1:$F$273,6,FALSE)=0,"",VLOOKUP(B14,'비품현황표(전체)'!$A$1:$F$273,6,FALSE)) | H14: 2
A15: 14 | B15: XCZOL1W | C15: Cefazolin 1g inj | D15: Cefazolin 1g inj | E15: 10VIA/BOX | F15: 밀봉용기, 실온보관 | G15: =IF(VLOOKUP(B15,'비품현황표(전체)'!$A$1:$F$273,6,FALSE)=0,"",VLOOKUP(B15,'비품현황표(전체)'!$A$1:$F$273,6,FALSE)) | H15: 2
A16: 15 | B16: XCMTAZ | C16: cefmetazole 1g inj | D16: Ceftacin 1g inj | E16: 11VIA/BOX | F16: 밀봉용기, 실온보관 | H16: 2
A17: 16 | B17: XCTRX5 | C17: Ceftriaxone 500mg | D17: Ceftriaxone 500mg inj CJ | E17: 10VIA/BOX | F17: 밀봉용기, 25도씨에서 차광보관 | G17: =IF(VLOOKUP(B17,'비품현황표(전체)'!$A$1:$F$273,6,FALSE)=0,"",VLOOKUP(B17,'비품현황표(전체)'!$A$1:$F$273,6,FALSE)) | H17: 2
A18: 17 | B18: XCTRX1W | C18: Ceftriaxone 1g | D18: Ceftriaxone 1g inj | E18: 10VIA/BOX | F18: 밀봉용기, 실온(1-30℃)보관 | G18: =IF(VLOOKUP(B18,'비품현황표(전체)'!$A$1:$F$273,6,FALSE)=0,"",VLOOKUP(B18,'비품현황표(전체)'!$A$1:$F$273,6,FALSE)) | H18: 3
A19: 18 | B19: XCTRX2W | C19: ceftriaxone 2g inj | D19: Ceftriaxone 2g inj | E19: 10VIA/BOX | F19: 밀봉용기, 실온(1～30℃)보관 | H19: 2
A20: 19 | B20: XHCS100 | C20: Hydrocortisone 100mg Inj | D20: Cortisolu 100mg inj. | E20: 50VIAL/BOX | F20: 차광밀봉용기, 실온(1 ~ 30℃)보관 | G20: =IF(VLOOKUP(B20,'비품현황표(전체)'!$A$1:$F$273,6,FALSE)=0,"",VLOOKUP(B20,'비품현황표(전체)'!$A$1:$F$273,6,FALSE)) | H20: 5
A21: 20 | B21: XD31 | C21: Cholecalciferol 2.5mg | D21: D3 Base 100000IU inj | E21: 6AMP/BOX | F21: 밀봉용기, 차광하여 실온(1~30℃) 보관 | G21: =IF(VLOOKUP(B21,'비품현황표(전체)'!$A$1:$F$273,6,FALSE)=0,"",VLOOKUP(B21,'비품현황표(전체)'!$A$1:$F$273,6,FALSE)) | H21: 6
A22: 21 | B22: XD33 | C22: Cholecalciferol 7.5mg | D22: D3 Base 300000IU inj | E22: 2AMP/BOX | F22: 밀봉용기, 차광하여 실온(1~30℃)보관 | G22: =IF(VLOOKUP(B22,'비품현황표(전체)'!$A$1:$F$273,6,FALSE)=0,"",VLOOKUP(B22,'비품현황표(전체)'!$A$1:$F$273,6,FALSE)) | H22: 3
A23: 22 | B23: XPCMOL | C23: Propacetamol 1g | D23: Denogan 1g inj | E23: 10VIA/BOX | F23: 차광밀봉용기, 1~25℃보관 | G23: =IF(VLOOKUP(B23,'비품현황표(전체)'!$A$1:$F$273,6,FALSE)=0,"",VLOOKUP(B23,'비품현황표(전체)'!$A$1:$F$273,6,FALSE)) | H23: 5
A24: 23 | B24: XDXM | C24: Dexamethasone 5mg | D24: Dexamethasone 5mg inj | E24: 50AMP/BOX | F24: 차광한 밀봉용기, 실온(1 ~ 30℃) 보관 | G24: =IF(VLOOKUP(B24,'비품현황표(전체)'!$A$1:$F$273,6,FALSE)=0,"",VLOOKUP(B24,'비품현황표(전체)'!$A$1:$F$273,6,FALSE)) -> 유사발음 | H24: 5
A25: 24 | B25: XDICLOF | C25: diclofenac-β-dimethyl-aminoethanol 90mg/2ml | D25: Dibeta-C 90mg/2ml inj | E25: 50AMP/BOX | F25: 차광밀봉용기, 실온(1~30℃)보관 | G25: =IF(VLOOKUP(B25,'비품현황표(전체)'!$A$1:$F$273,6,FALSE)=0,"",VLOOKUP(B25,'비품현황표(전체)'!$A$1:$F$273,6,FALSE)) | H25: 2
A26: 25 | B26: XXDUPIL3P | D26: Dupixent 300mg/2ml pen | F26: 밀봉용기, 차광하여 냉장보관(2-8℃) | H26: 1
A27: 26 | B27: XXHBV20W | C27: Hepatitis B vaccine 20mcg pfs | D27: Euvax-B 20mcg pfs | E27: 10SRG/BOX | F27: 밀봉용기, 2-8℃에서 동결을 피하여 보관 | G27: =IF(VLOOKUP(B27,'비품현황표(전체)'!$A$1:$F$273,6,FALSE)=0,"",VLOOKUP(B27,'비품현황표(전체)'!$A$1:$F$273,6,FALSE)) | H27: 5
A28: 27 | B28: XXROMO1 | C28: Romosozumab 105mg | D28: Evenity 105mg/1.17ml | E28: 2pfs/box | F28: 밀봉용기, 차광하여 냉장 보관(2-8°C) | G28: =IF(VLOOKUP(B28,'비품현황표(전체)'!$A$1:$F$273,6,FALSE)=0,"",VLOOKUP(B28,'비품현황표(전체)'!$A$1:$F$273,6,FALSE)) | H28: 6
A29: 28 | B29: XCZEDO2G | C29: Cefazedone 2g | D29: Fazidone 2g inj | E29: 10VIA/BOX | F29: 밀봉용기,실온(1~30℃)보관 | G29: =IF(VLOOKUP(B29,'비품현황표(전체)'!$A$1:$F$273,6,FALSE)=0,"",VLOOKUP(B29,'비품현황표(전체)'!$A$1:$F$273,6,FALSE)) | H29: 3
A30: 29 | B30: XFECMC500 | D30: Ferinject 500mg/10ml Inj | F30: 밀봉용기, 실온(1~30℃) 보관. 얼리지 말 것. | H30: 2
A31: 30 | B31: X8FRAV2 | D31: FRAVASOL 8.5% 250ml | F31: 밀봉용기, 실온보관 | G31: =IF(VLOOKUP(B31,'비품현황표(전체)'!$A$1:$F$273,6,FALSE)=0,"",VLOOKUP(B31,'비품현황표(전체)'!$A$1:$F$273,6,FALSE)) | H31: 3
A32: 31 | B32: X10FRAV5 | D32: Fravasol 10% 500ml | F32: 밀봉용기, 실온보관 | G32: =IF(VLOOKUP(B32,'비품현황표(전체)'!$A$1:$F$273,6,FALSE)=0,"",VLOOKUP(B32,'비품현황표(전체)'!$A$1:$F$273,6,FALSE)) | H32: 3
A33: 32 | B33: XCLM | C33: Clindamycin 300mg | D33: Fullgram 300mg/2ml | E33: 50AMP/BOX | F33: 밀봉용기, 실온(1~30℃)보관 | G33: =IF(VLOOKUP(B33,'비품현황표(전체)'!$A$1:$F$273,6,FALSE)=0,"",VLOOKUP(B33,'비품현황표(전체)'!$A$1:$F$273,6,FALSE)) | H33: 5
A34: 33 | B34: XXHPV9 | C34: garDasil 9 pfs (human papilloma virus vaccine 9가) | D34: garDasil 9 pfs | E34: 10SRG/BOX | F34: 밀봉용기, 2-8℃에서 냉장보관, 얼리지 말 것, 차광 | H34: 5
A35: 34 | B35: XFAMO2W | C35: Famotidine 20mg inj | D35: Gaster 20mg/10ml inj | E35: 10AMP/BOX*10 | F35: 밀봉용기, 실온보관(1~30℃) | G35: =IF(VLOOKUP(B35,'비품현황표(전체)'!$A$1:$F$273,6,FALSE)=0,"",VLOOKUP(B35,'비품현황표(전체)'!$A$1:$F$273,6,FALSE)) | H35: 2
A36: 35 | B36: XGM80 | C36: Gentamicin sulfate 80mg | D36: Gentamicin 80mg inj | E36: 50AMP/BOX | F36: 앰플: 밀봉용기, 실온(1 ∼30℃)보관 | G36: =IF(VLOOKUP(B36,'비품현황표(전체)'!$A$1:$F$273,6,FALSE)=0,"",VLOOKUP(B36,'비품현황표(전체)'!$A$1:$F$273,6,FALSE)) | H36: 2
A37: 36 | B37: XXFILG3 | D37: GRASIN 300mcg/0.7ml pfs | E37: 10SRG/BOX | F37: 10℃이하 차광보관 동결을 피할것 밀봉용기 | G37: =IF(VLOOKUP(B37,'비품현황표(전체)'!$A$1:$F$273,6,FALSE)=0,"",VLOOKUP(B37,'비품현황표(전체)'!$A$1:$F$273,6,FALSE)) | H37: 1
A38: 37 | B38: XHEPATA5 | D38: Hepatamine 500ml Bag | F38: 밀봉용기, 실온보관 | H38: 3
A39: 38 | B39: XHYOS2Y | C39: Hyspan 20mg inj | D39: Hyspan 20mg inj | E39: 50AMP/BOX | F39: 차광밀봉용기, 실온(1~30℃)보관 | H39: 2
A40: 39 | B40: XERTAPEN | C40: Invanz 1g inj (ertapenem) | D40: Invanz 1g inj | E40: 1Vial/BOX | F40: 밀봉용기, 실온(25℃ 이하)보관 | G40: =IF(VLOOKUP(B40,'비품현황표(전체)'!$A$1:$F$273,6,FALSE)=0,"",VLOOKUP(B40,'비품현황표(전체)'!$A$1:$F$273,6,FALSE)) | H40: 3
A41: 40 | B41: XPALP100L | C41: Palliperidone palmitate 156mg(100mg) | D41: Invega sustenna 156mg(100mg) inj. 1ml/srg | E41: 1ML/SRG | F41: 밀봉용기, 실온보관(15~30℃) | G41: =IF(VLOOKUP(B41,'비품현황표(전체)'!$A$1:$F$273,6,FALSE)=0,"",VLOOKUP(B41,'비품현황표(전체)'!$A$1:$F$273,6,FALSE)) | H41: 1
A42: 41 | B42: XPALP150L | C42: Palliperidone palmitate 234mg(150mg) | D42: Invega sustenna 234mg(150mg) inj. 1.5ml/srg | E42: 1.5ML/SRG | F42: 밀봉용기, 실온보관(15~30℃) | G42: =IF(VLOOKUP(B42,'비품현황표(전체)'!$A$1:$F$273,6,FALSE)=0,"",VLOOKUP(B42,'비품현황표(전체)'!$A$1:$F$273,6,FALSE)) | H42: 1
A43: 42 | B43: XXPALP350 | C43: Paliperidone 546mg(350mg)/1.75ml | D43: Invega Trinza 410mg(263mg) pfs | E43: 1SRG/BOX | F43: 밀봉용기, 실온(15~30℃)보관 | G43: =IF(VLOOKUP(B43,'비품현황표(전체)'!$A$1:$F$273,6,FALSE)=0,"",VLOOKUP(B43,'비품현황표(전체)'!$A$1:$F$273,6,FALSE)) | H43: 1
A44: 43 | B44: XXPALP263 | C44: Paliperidone 410mg(263mg)/1.315ml | D44: Invega Trinza 546mg(350mg) pfs | E44: 1SRG/BOX | F44: 밀봉용기, 실온(15~30℃)보관 | G44: =IF(VLOOKUP(B44,'비품현황표(전체)'!$A$1:$F$273,6,FALSE)=0,"",VLOOKUP(B44,'비품현황표(전체)'!$A$1:$F$273,6,FALSE)) | H44: 1
A45: 44 | B45: XXPALP525 | C45: Paliperidone 819mg(525mg)/2.625ml | D45: Invega Trinza 819mg(525mg) pfs | E45: 1SRG/BOX | F45: 밀봉용기, 실온(15~30℃)보관 | G45: =IF(VLOOKUP(B45,'비품현황표(전체)'!$A$1:$F$273,6,FALSE)=0,"",VLOOKUP(B45,'비품현황표(전체)'!$A$1:$F$273,6,FALSE)) | H45: 1
A46: 45 | B46: XKROL | C46: Ketorolac tromethamine 30mg | D46: Keromin 30mg Inj | E46: 50AMP/BOX | F46: 차광밀봉용기, 실온(1-30℃)보관 | G46: =IF(VLOOKUP(B46,'비품현황표(전체)'!$A$1:$F$273,6,FALSE)=0,"",VLOOKUP(B46,'비품현황표(전체)'!$A$1:$F$273,6,FALSE)) | H46: 5
A47: 46 | B47: XB12Y | C47: Lanobin 5mg/2ml inj (hydroxocobalamin) | D47: Lanobin 5mg/2ml inj | E47: 50AMP/BOX | F47: 차광한 밀봉용기,실온보관 | H47: 10
A48: 47 | B48: XFURO | C48: Furosemide 20mg | D48: Lasix 20mg inj | E48: 50AMP/BOX | F48: 밀봉용기 실온보관 차광. | G48: =IF(VLOOKUP(B48,'비품현황표(전체)'!$A$1:$F$273,6,FALSE)=0,"",VLOOKUP(B48,'비품현황표(전체)'!$A$1:$F$273,6,FALSE)) -> 유사모양 | H48: 3
A49: 48 | B49: XXLEUPD11 | C49: Leuprolide acetate 11.25mg | D49: LEUPLIN DPS 11.25mg Inj | E49: 1 SRG/BOX | F49: 밀봉용기, 실온(1~30℃)보관, | G49: =IF(VLOOKUP(B49,'비품현황표(전체)'!$A$1:$F$273,6,FALSE)=0,"",VLOOKUP(B49,'비품현황표(전체)'!$A$1:$F$273,6,FALSE)) -> 용량고주의 | H49: 3
A50: 49 | B50: XLEUPD3 | C50: Leuprolide acetate 3.75mg inj | D50: Luphere Depot inj 3.75mg | E50: 1SRG/BOX | F50: 밀봉용기,실온보관(1~30℃) | G50: =IF(VLOOKUP(B50,'비품현황표(전체)'!$A$1:$F$273,6,FALSE)=0,"",VLOOKUP(B50,'비품현황표(전체)'!$A$1:$F$273,6,FALSE)) | H50: 6
A51: 50 | B51: XMEXO | C51: Metoclopramide | D51: Macperan 10mg inj | E51: 50AMP/BOX | F51: 밀봉용기, 차광, 실온(1~30℃)보관 | G51: =IF(VLOOKUP(B51,'비품현황표(전체)'!$A$1:$F$273,6,FALSE)=0,"",VLOOKUP(B51,'비품현황표(전체)'!$A$1:$F$273,6,FALSE)) | H51: 5
A52: 51 | B52: XC10W | C52: Ascorbic acid 500mg/ml | D52: Megagreen 10g/20ml inj | E52: 10VIAL/BOX | F52: 차광밀봉용기, 2∼8℃ 보관 | G52: =IF(VLOOKUP(B52,'비품현황표(전체)'!$A$1:$F$273,6,FALSE)=0,"",VLOOKUP(B52,'비품현황표(전체)'!$A$1:$F$273,6,FALSE)) | H52: 5
A53: 52 | B53: XXEPOB120 | C53: Methoxy polyethylene glycol-epoetin β 120mcg | D53: Micera 120mcg pfs | E53: 1SRG/BOX | F53: 냉장 차광보관 | G53: =IF(VLOOKUP(B53,'비품현황표(전체)'!$A$1:$F$273,6,FALSE)=0,"",VLOOKUP(B53,'비품현황표(전체)'!$A$1:$F$273,6,FALSE)) | H53: 3
A54: 53 | B54: XXEPOB200 | C54: Methoxy polyethylene glycol-epoetin β 200mcg | D54: Micera 200mcg pfs | E54: 1SRG/BOX | F54: 냉장 차광보관 | G54: =IF(VLOOKUP(B54,'비품현황표(전체)'!$A$1:$F$273,6,FALSE)=0,"",VLOOKUP(B54,'비품현황표(전체)'!$A$1:$F$273,6,FALSE)) | H54: 3
A55: 54 | B55: XXEPOB50 | C55: Methoxy polyethylene glycol-epoetin β 50mcg | D55: Micera 50mcg pfs | E55: 1SRG/BOX | F55: 냉장 차광보관 | G55: =IF(VLOOKUP(B55,'비품현황표(전체)'!$A$1:$F$273,6,FALSE)=0,"",VLOOKUP(B55,'비품현황표(전체)'!$A$1:$F$273,6,FALSE)) | H55: 3
A56: 55 | B56: XXEPOB75 | C56: Methoxy polyethylene glycol-epoetin β 75mcg | D56: Micera 75mcg pfs | E56: 1SRG/BOX | F56: 냉장 차광보관 | G56: =IF(VLOOKUP(B56,'비품현황표(전체)'!$A$1:$F$273,6,FALSE)=0,"",VLOOKUP(B56,'비품현황표(전체)'!$A$1:$F$273,6,FALSE)) | H56: 3
A57: 56 | B57: XXEPOB360 | D57: Mircera 360mcg pfs | F57: 냉장 차광보관 | H57: 3
A58: 57 | B58: XFEIM2 | D58: Monofer 200mg/2ml inj | F58: 밀봉용기, 실온(1~30℃)보관 | H58: 1
A59: 58 | B59: XMMR2 | C59: MMR virus vaccine 0.5ml | D59: MMR II 0.5ml inj | E59: 5VIAL/BOX | F59: 밀봉용기 2 ~ 8℃에서 보관 | G59: =IF(VLOOKUP(B59,'비품현황표(전체)'!$A$1:$F$273,6,FALSE)=0,"",VLOOKUP(B59,'비품현황표(전체)'!$A$1:$F$273,6,FALSE)) | H59: 2
A60: 59 | B60: XMVH | C60: Multivitamin inj 5ml | D60: MVH 5ml inj | E60: 25VIA/BOX | F60: 기밀용기에 넣어 차광냉소보관 | G60: =IF(VLOOKUP(B60,'비품현황표(전체)'!$A$1:$F$273,6,FALSE)=0,"",VLOOKUP(B60,'비품현황표(전체)'!$A$1:$F$273,6,FALSE)) | H60: 10
A61: 60 | B61: XTESTUN1W | C61: Testosterone undecanoate 1000mg/4ml | D61: Nebido inj | E61: 4ML/VIAL/BOX | F61: 차광밀봉용기, 실온(1-30℃) 보관 | G61: =IF(VLOOKUP(B61,'비품현황표(전체)'!$A$1:$F$273,6,FALSE)=0,"",VLOOKUP(B61,'비품현황표(전체)'!$A$1:$F$273,6,FALSE)) | H61: 2
A62: 61 | B62: X5NEPH2W | C62: Amino acid - nephsol | D62: Nephsol 250ml bag | E62: 20BAG/BOX | F62: 밀봉용기, 실온(1∼30℃) 보관 | G62: =IF(VLOOKUP(B62,'비품현황표(전체)'!$A$1:$F$273,6,FALSE)=0,"",VLOOKUP(B62,'비품현황표(전체)'!$A$1:$F$273,6,FALSE)) | H62: 1
A63: 62 | B63: XXDABE60 | C63: Darbepoetin alfa 60mcg | D63: Nesbell 60mcg/0.5ml pfs | E63: 1SRG/BOX | F63: 밀봉용기, 2～8℃ 차광보관, 동결시키거나 진탕하지 말 것 | G63: =IF(VLOOKUP(B63,'비품현황표(전체)'!$A$1:$F$273,6,FALSE)=0,"",VLOOKUP(B63,'비품현황표(전체)'!$A$1:$F$273,6,FALSE)) | H63: 2
A64: 63 | B64: XXDABE120 | C64: Darbepoetin alfa 120mcg | D64: Nesbell 120mcg/0.5ml pfs | E64: 1SRG/BOX | F64: 밀봉용기, 2～8℃ 차광보관, 동결시키거나 진탕하지 말 것 | H64: 2
A65: 64 | B65: XESOME40 | C65: Esomerazole sodium | D65: Nexium 40mg inj. | E65: 40MG/VIAL*10*12 | F65: 밀봉용기, 차광하여 30℃이하 보관 | G65: =IF(VLOOKUP(B65,'비품현황표(전체)'!$A$1:$F$273,6,FALSE)=0,"",VLOOKUP(B65,'비품현황표(전체)'!$A$1:$F$273,6,FALSE)) | H65: 2
A66: 65 | B66: XXDENOSU6 | D66: Obodence 60mg pfs | F66: 밀봉용기, 동결을 피하여 차광, 냉장(2 ~ 8 ℃) 보관 | H66: 10
A67: 66 | B67: XXOMALIZ | D67: Omlyclo 150mg/ml pfs | F67: 밀봉용기, 냉장(2-8℃)보관, 차광보관 | H67: 5
A68: 67 | B68: XPANTO4 | C68: Pantoprazole 40mg inj. | D68: Pantoline 40mg inj | E68: 1VIAL/BOX | F68: 차광밀봉용기, 25℃ 이하 | G68: =IF(VLOOKUP(B68,'비품현황표(전체)'!$A$1:$F$273,6,FALSE)=0,"",VLOOKUP(B68,'비품현황표(전체)'!$A$1:$F$273,6,FALSE)) | H68: 3
A69: 68 | B69: XCPENIR | C69: Chlorpheniramine | D69: Peniramin 4mg/2ml inj | E69: 100AMP/BOX | F69: 밀봉용기 | G69: =IF(VLOOKUP(B69,'비품현황표(전체)'!$A$1:$F$273,6,FALSE)=0,"",VLOOKUP(B69,'비품현황표(전체)'!$A$1:$F$273,6,FALSE)) | H69: 5
A70: 69 | B70: XPNEUM20A | D70: Prevenar 20 pfs (adult) | F70: 밀봉용기, 냉장(2~8℃)보관 | H70: 2
A71: 70 | B71: XPROG | C71: Progesterone 500mg | D71: Progesterone 500mg Inj(Taiyu) | E71: 10VIA/BOX | F71: 차광한 밀봉용기, 15~30℃보관 | G71: =IF(VLOOKUP(B71,'비품현황표(전체)'!$A$1:$F$273,6,FALSE)=0,"",VLOOKUP(B71,'비품현황표(전체)'!$A$1:$F$273,6,FALSE)) | H71: 1
A72: 71 | B72: XSELEN1 | C72: sodium selenite | D72: SeLENtab 1000mcg/20ml inj | E72: 10VIAL/BOX | F72: 밀봉용기, 15~25℃ 차광·건소보관 | H72: 2
A73: 72 | B73: XVARIZOR | C73: zoster, purified antigen | D73: Shingrix inj | E73: 1VIAL/BOX | F73: 밀봉용기, 냉장(2~8℃), 차광보관 | G73: =IF(VLOOKUP(B73,'비품현황표(전체)'!$A$1:$F$273,6,FALSE)=0,"",VLOOKUP(B73,'비품현황표(전체)'!$A$1:$F$273,6,FALSE)) | H73: 8
A74: 73 | B74: XTESTO2W | C74: Testosterone enanthate 250mg/ml | D74: Testosterone Enanthate inj | E74: 10 AMP/BOX | F74: 차광밀봉용기, 25℃ 미만 실온 보관 | G74: =IF(VLOOKUP(B74,'비품현황표(전체)'!$A$1:$F$273,6,FALSE)=0,"",VLOOKUP(B74,'비품현황표(전체)'!$A$1:$F$273,6,FALSE)) | H74: 3
A75: 74 | B75: XB1 | C75: Thiamine inj 50mg/2ml | D75: Thiamine 50mg/2ml inj | E75: 50AMP/BOX | F75: 차광밀봉용기, 실온(1∼30℃)보관, | G75: =IF(VLOOKUP(B75,'비품현황표(전체)'!$A$1:$F$273,6,FALSE)=0,"",VLOOKUP(B75,'비품현황표(전체)'!$A$1:$F$273,6,FALSE)) | H75: 4
A76: 75 | B76: XTRANEX5 | C76: tranexamic acid 500㎎/5㎖ | D76: Tranexamic acid inj 500mg/5ml | E76: 50AMP/BOX | F76: 밀봉용기, 실온(1～30℃)보관 | H76: 2
A77: 76 | B77: XCRO2NS | D77: Triaxone mapset Kit 2g inj | F77: 밀봉용기, 실온(1-30℃)보관 | G77: =IF(VLOOKUP(B77,'비품현황표(전체)'!$A$1:$F$273,6,FALSE)=0,"",VLOOKUP(B77,'비품현황표(전체)'!$A$1:$F$273,6,FALSE)) | H77: 2
A78: 77 | B78: XTRAM100 | C78: Tramadol 100mg | D78: Tridol 100mg inj | E78: 50AMP/BOX | F78: 밀봉용기, 실온(1～30℃)보관 | G78: =IF(VLOOKUP(B78,'비품현황표(전체)'!$A$1:$F$273,6,FALSE)=0,"",VLOOKUP(B78,'비품현황표(전체)'!$A$1:$F$273,6,FALSE)) | H78: 2
A79: 78 | B79: XTRAM50 | C79: Tramadol 50mg/ml | D79: Tridol 50mg inj | E79: 50AMP/BOX | F79: 밀봉용기, 실온(1～30℃)보관 | G79: =IF(VLOOKUP(B79,'비품현황표(전체)'!$A$1:$F$273,6,FALSE)=0,"",VLOOKUP(B79,'비품현황표(전체)'!$A$1:$F$273,6,FALSE)) | H79: 5
A80: 79 | B80: XIRONSU | C80: Iron Sucrose 100mg/5ml amp | D80: Venoferrum 100mg(Fe)/5ml inj | E80: 5AMP/BOX | F80: 밀봉용기, 25℃이하 암소보관. | G80: =IF(VLOOKUP(B80,'비품현황표(전체)'!$A$1:$F$273,6,FALSE)=0,"",VLOOKUP(B80,'비품현황표(전체)'!$A$1:$F$273,6,FALSE)) | H80: 10
A81: 80 | B81: XD3 | C81: Cholecalciferol 5 mg | D81: Vitamine D3 B.O.N Inj | E81: 1 AMP/BOX | F81: 밀봉용기, 차광하여 1~ 25℃에서 보관 | G81: =IF(VLOOKUP(B81,'비품현황표(전체)'!$A$1:$F$273,6,FALSE)=0,"",VLOOKUP(B81,'비품현황표(전체)'!$A$1:$F$273,6,FALSE)) | H81: 2
A82: 81 | B82: XDENOS12W | D82: Xbryk 120mg inj | F82: 밀봉용기, 동결을 피하여 차광, 냉장(2 ~ 8 ℃) 보관 | H82: 3
A83: 82 | B83: XXOMAL | D83: Xolair PFS 150mg inj | F83: 밀봉용기, 냉장(2-8℃)보관, 차광보관 | G83: =IF(VLOOKUP(B83,'비품현황표(전체)'!$A$1:$F$273,6,FALSE)=0,"",VLOOKUP(B83,'비품현황표(전체)'!$A$1:$F$273,6,FALSE)) | H83: 10
A84: 83 | B84: XGOSE | C84: Goserelin acetate 3.6mg/syringe | D84: Zoladex depot 3.6mg inj | E84: 1SRG/BOX | F84: 밀봉용기, 25℃이하 실온보관 | G84: =IF(VLOOKUP(B84,'비품현황표(전체)'!$A$1:$F$273,6,FALSE)=0,"",VLOOKUP(B84,'비품현황표(전체)'!$A$1:$F$273,6,FALSE)) | H84: 1
D85: 보유비품약 품목수 | H85: 83

Sheet DRO
A1: NO | B1: 약품코드 | C1: 일반명 | D1: 영문상품명 | E1: 규격 | F1: 보관조건 | G1: 혼돈주의약품 | H1: 2026.06.10
A2: 1 | B2: XPGE110 | D2: Eglandin 10mcg/2ml inj | F2: 밀봉용기,동결을 피해 5℃이하에서 차광하여 보관 | H2: 2
A3: 2 | B3: XFLUMA3 | C3: Flumazenil 0.3mg | D3: Flunil 0.3mg/3ml inj | E3: 5AMP/BOX | F3: =VLOOKUP(B3,'비품현황표(전체)'!$A7:$AT276,5,FALSE) -> 밀봉용기, 30℃이하 보관 | G3: =IF(VLOOKUP(B3,'비품현황표(전체)'!$A$1:$F$273,6,FALSE)=0,"",VLOOKUP(B3,'비품현황표(전체)'!$A$1:$F$273,6,FALSE)) | H3: 5
A4: 3 | B4: XNIMO | C4: Nimodipine 10mg | D4: Nimodipine 10mg inj | E4: 1VIAL/BOX*10 | F4: =VLOOKUP(B4,'비품현황표(전체)'!$A8:$AT277,5,FALSE) -> 차광밀봉용기, 실온(1~30℃)보관 | G4: =IF(VLOOKUP(B4,'비품현황표(전체)'!$A$1:$F$273,6,FALSE)=0,"",VLOOKUP(B4,'비품현황표(전체)'!$A$1:$F$273,6,FALSE)) | H4: 2
A5: 4 | B5: XPROT | C5: Protamine 50mg | D5: Protamine sulfate 50mg inj | E5: 5AMP/BOX | F5: =VLOOKUP(B5,'비품현황표(전체)'!$A11:$AT278,5,FALSE) -> 밀봉용기, 실온보존 | G5: =IF(VLOOKUP(B5,'비품현황표(전체)'!$A$1:$F$273,6,FALSE)=0,"",VLOOKUP(B5,'비품현황표(전체)'!$A$1:$F$273,6,FALSE)) | H5: 3
A6: 5 | B6: XTRAM50 | D6: Tridol 50mg inj | F6: 밀봉용기, 실온(1～30℃)보관 | G6: =IF(VLOOKUP(B6,'비품현황표(전체)'!$A$1:$F$273,6,FALSE)=0,"",VLOOKUP(B6,'비품현황표(전체)'!$A$1:$F$273,6,FALSE)) | H6: 5
A7: 6 | B7: THROM-W | C7: Thrombin 500u vial | D7: Thrombin FD powder이연 | E7: 1VIAL | F7: 밀봉용기 2~8도씨 | H7: 1
A8: 7 | B8: XIDARU5W | D8: Zavedos 5mg inj | F8: 밀봉용기, 25℃이하 보관 | H8: 3
D9: 보유비품종류 | H9: 7

Sheet OT
A1: NO | B1: 약품코드 | C1: 일반명 | D1: 영문상품명 | E1: 규격 | F1: 보관조건 | G1: 혼돈주의약품 | H1: 26.03.09
A2: 1 | B2: XXBROLU | D2: Beovu 19.8mg/0.165ml pfs | F2: 2~8℃보관, 얼리지 말 것, 차광보관 | G2: =IF(VLOOKUP(B2,'비품현황표(전체)'!$A$1:$F$273,6,FALSE)=0,"",VLOOKUP(B2,'비품현황표(전체)'!$A$1:$F$273,6,FALSE)) | H2: 1
A3: 3 | B3: XXAFLIB2 | D3: Eydenzelt pfs 2mg/0.05mL | E3: 1VIA | F3: 밀봉용기, 냉장보관(2~8℃) | G3: =IF(VLOOKUP(B3,'비품현황표(전체)'!$A$1:$F$273,6,FALSE)=0,"",VLOOKUP(B3,'비품현황표(전체)'!$A$1:$F$273,6,FALSE)) | H3: 4
A4: 4 | B4: XTAMC40 | C4: Triamcinolone 40mg | D4: Triam 40mg inj | E4: 10VIA/BOX*20 | F4: =VLOOKUP(B4,'비품현황표(전체)'!$A6:$AT275,5,FALSE) -> 밀봉용기, 차광 실온(1~30℃)보관 | G4: =IF(VLOOKUP(B4,'비품현황표(전체)'!$A$1:$F$273,6,FALSE)=0,"",VLOOKUP(B4,'비품현황표(전체)'!$A$1:$F$273,6,FALSE)) | H4: 2
A5: 5 | B5: XXRANIB1 | C5: Ranibizumab 10mg/ml | D5: Lucentis 1.65mg/0.165ml PFS | E5: 1VIAL/VIAL | F5: =VLOOKUP(B5,'비품현황표(전체)'!$A3:$AT274,5,FALSE) -> 냉장보관(2-8℃), 동결을 피할 것, 차광을 위하여 원포장을 유지할 것 | G5: =IF(VLOOKUP(B5,'비품현황표(전체)'!$A$1:$F$273,6,FALSE)=0,"",VLOOKUP(B5,'비품현황표(전체)'!$A$1:$F$273,6,FALSE)) | H5: 4
A6: 6 | B6: XXRANIBP | D6: Lucen BS 1.65mg/0.165ml pfs | F6: 밀봉용기, 2~8℃ 차광보관, 동결시키거나 진탕하지 말 것 | H6: 5
D7: 보유비품종류 | H7: 6

Sheet RH
A1: NO | B1: 약품코드 | C1: 일반명 | D1: 영문상품명 | E1: 규격 | F1: 보관조건 | G1: 혼돈주의약품 | H1: 재활의학과
A2: 1 | B2: XXHYAL60 | C2: Hyaluronate sodium 60mg(BDDE-linked) | D2: Synovian 60mg inj | E2: 1SRG/BOX | F2: =VLOOKUP(B2,'비품현황표(전체)'!$A1:$AT274,5,FALSE) -> 밀봉용기, 차광 실온(1~30℃) 보관 | G2: =IF(VLOOKUP(B2,'비품현황표(전체)'!$A$1:$F$273,6,FALSE)=0,"",VLOOKUP(B2,'비품현황표(전체)'!$A$1:$F$273,6,FALSE)) | H2: 2
D3: 보유비품종류 | H3: 1

Sheet OG
A1: NO | B1: 약품코드 | C1: 일반명 | D1: 영문상품명 | E1: 규격 | F1: 보관조건 | G1: 혼돈주의약품 | H1: 22.12.15
A2: 1 | B2: LNORG52 | C2: Levonorgestrel 52mg/set (20mcg/day) | D2: Mirena 20mcg/52mg IUS | E2: 1EA/SET*5 | F2: =VLOOKUP(B2,'비품현황표(전체)'!$A1:$AT274,5,FALSE) -> 포장을 개봉하지 않은 상태로 습기차단/차광 30℃이하 | G2: =IF(VLOOKUP(B2,'비품현황표(전체)'!$A$1:$F$273,6,FALSE)=0,"",VLOOKUP(B2,'비품현황표(전체)'!$A$1:$F$273,6,FALSE)) | H2: 10
D3: 보유비품종류 | H3: 1

Sheet 난임
A1: NO | B1: 약품코드 | C1: 일반명 | D1: 영문상품명 | E1: 규격 | F1: 보관조건 | G1: 혼돈주의약품 | H1: 난임클리닉
A2: 1 | B2: XFMXEF | C2: Flomoxef sodium 500mg | D2: Flumarin 0.5g inj | E2: 10VIA/BOX | F2: =VLOOKUP(B2,'비품현황표(전체)'!$A1:$AT274,5,FALSE) -> 실온보관 밀봉용기 | G2: =IF(VLOOKUP(B2,'비품현황표(전체)'!$A$1:$F$273,6,FALSE)=0,"",VLOOKUP(B2,'비품현황표(전체)'!$A$1:$F$273,6,FALSE)) -> 유사발음 | H2: 4
D3: 보유비품종류 | H3: 1

Sheet DM
A1: NO | B1: 약품코드 | C1: 일반명 | D1: 영문상품명 | E1: 규격 | F1: 보관조건 | G1: 혼돈주의약품 | H1: 피부과
A2: 1 | B2: XEPIN | C2: Epinephrine HCl 1mg | D2: Epinephrine 1mg/1ml inj | E2: 50AMP/BOX | F2: =VLOOKUP(B2,'비품현황표(전체)'!$A1:$AT274,5,FALSE) -> 차광밀봉용기, 25℃이하 보관, 냉장보관하지 말 것. | G2: =IF(VLOOKUP(B2,'비품현황표(전체)'!$A$1:$F$273,6,FALSE)=0,"",VLOOKUP(B2,'비품현황표(전체)'!$A$1:$F$273,6,FALSE)) -> 유사발음 | H2: 2
A3: 2 | B3: XCPENIR | C3: Chlorpheniramine | D3: Peniramin 4mg/2ml inj | E3: 100AMP/BOX | F3: =VLOOKUP(B3,'비품현황표(전체)'!$A3:$AT274,5,FALSE) -> 밀봉용기 | G3: =IF(VLOOKUP(B3,'비품현황표(전체)'!$A$1:$F$273,6,FALSE)=0,"",VLOOKUP(B3,'비품현황표(전체)'!$A$1:$F$273,6,FALSE)) | H3: 2
D4: 보유비품종류 | H4: 2

Sheet OL
A1: NO | B1: 약품코드 | C1: 일반명 | D1: 영문상품명 | E1: 규격 | F1: 보관조건 | G1: 혼돈주의약품 | H1: 23.02.03
A2: 1 | B2: XDXM | C2: Dexamethasone 5mg | D2: Dexamethasone 5mg inj | E2: 50AMP/BOX | F2: 차광한 밀봉용기, 실온(1 ~ 30℃) 보관 | G2: =IF(VLOOKUP(B2,'비품현황표(전체)'!$A$1:$F$273,6,FALSE)=0,"",VLOOKUP(B2,'비품현황표(전체)'!$A$1:$F$273,6,FALSE)) -> 유사발음 | H2: 30
A3: 2 | B3: XTAMC40 | C3: Triamcinolone 40mg | D3: Triam 40mg inj | E3: 10VIA/BOX*20 | F3: 밀봉용기, 차광 실온(1~30℃)보관 | G3: =IF(VLOOKUP(B3,'비품현황표(전체)'!$A$1:$F$273,6,FALSE)=0,"",VLOOKUP(B3,'비품현황표(전체)'!$A$1:$F$273,6,FALSE)) | H3: 3
D4: 보유비품종류 | H4: 2

Sheet OS
A1: NO | B1: 약품코드 | C1: 영문상품명 | D1: 보관조건 | E1: 혼돈주의약품 | F1: 26.06.10
A2: 1 | B2: XXHYAL20Y | C2: BM hyal 20mg pfs | D2: 밀봉용기, 실온(1~30℃)보관 | F2: 12
A3: 2 | B3: XIHEX3530 | C3: Bonorex 350 30ml inj | D3: 밀봉용기, 차광하여 실온(1～30℃)보관 | F3: 10
A4: 3 | B4: XDXM | C4: Dexamethasone 5mg | D4: 차광한 밀봉용기, 실온(1 ~ 30℃) 보관 | E4: 유사발음 | F4: 10
A5: 4 | B5: XXHYAL60 | C5: Synovian 60mg inj | D5: =VLOOKUP(B5,'비품현황표(전체)'!$A1:$AT274,5,FALSE) -> 밀봉용기, 차광 실온(1~30℃) 보관 | E5: =IF(VLOOKUP(B5,'비품현황표(전체)'!$A$1:$F$273,6,FALSE)=0,"",VLOOKUP(B5,'비품현황표(전체)'!$A$1:$F$273,6,FALSE)) | F5: 10
A6: 5 | B6: XBHYALU | C6: Tergase 1500IU inj | D6: 밀봉용기, 차광하여 냉장(2~8℃)보관 | F6: 30
C7: 보유비품약 품목수 | F7: 5

Sheet UR
A1: NO | B1: 약품코드 | C1: 영문상품명 | D1: 보관조건 | E1: 혼돈주의약품 | F1: 26.02.25
A2: 1 | B2: LID11-GL | C2: Uricaine gel 11ml | D2: 기밀용기, 실온(1～30℃)보관, 차광보관 | F2: 15
C3: 보유비품약 품목수 | F3: 1

Sheet GICLA
A1: NO | B1: 약품코드 | C1: 영문상품명 | D1: 보관조건 | E1: 혼돈주의약품 | F1: 24.06.17
A2: 1 | B2: XXHYAL20Y | C2: BM hyal 20mg pfs | D2: 밀봉용기, 실온(1~30℃)보관 | F2: 3
A3: 2 | B3: XMEXO | C3: MACperan 10mg/2ml inj | D3: 밀봉용기, 차광, 실온보관 | E3: =IF(VLOOKUP(B3,'비품현황표(전체)'!$A$1:$F$273,6,FALSE)=0,"",VLOOKUP(B3,'비품현황표(전체)'!$A$1:$F$273,6,FALSE)) | F3: 2
A4: 3 | B4: XNALO.4 | C4: Naloxone HCl 0.4mg inj | D4: 밀봉용기, 차광보존 | E4: =IF(VLOOKUP(B4,'비품현황표(전체)'!$A$1:$F$273,6,FALSE)=0,"",VLOOKUP(B4,'비품현황표(전체)'!$A$1:$F$273,6,FALSE)) -> 용량고주의 | F4: 2
C5: 보유비품약 품목수 | F5: 3

Sheet NR
A1: NO | B1: 약품코드 | C1: 영문상품명 | D1: 보관조건 | E1: 혼돈주의약품 | F1: 26.04.14
A2: 1 | B2: XBOTOX50X | C2: Nabota 50U inj | D2: 밀봉용기, 냉장(2～8℃) 보관 | F2: 6
A3: 2 | B3: XBOTOX1W | C3: Nabota 100U inj | D3: 밀봉용기, 냉장(2～8℃) 보관 | F3: 3
A4: 3 | B4: XBOTOX15 | C4: Nabota 150U inj | D4: 밀봉용기, 냉장(2～8℃) 보관 | F4: 1
C5: 보유비품약 품목수 | F5: 3

Sheet Sheet2
